genreId,itemCode,itemName,itemPrice,catchcopy,itemCaption,reviewAverage,reviewCount,shopCode,shopName,itemUrl,shopUrl,postageFlag
301745,r-mart-plus:10027865,5個セット たべもの マグネット パイ いちご メロンパン かわいい 黒板 ホワイトボード 掲示板 キッチン 台所 冷蔵庫 デスク 磁石 可愛い おしゃれ 小さい 小型 ナチュラル キッチン雑貨 雑貨屋さん ネオジウム磁石 文房具 文具 ステーショナリー シンプル ゆるかわ,100,買い回りの金額調整に ポイント消化 ポイント消費 アクセント ワンポイント 写真 お知らせ 掲示 展示 お部屋作り 新生活 2024,たべものマグネット(同種5個セット) （強力マグネット ネオジム磁石付き） たべものの形をしたマグネット5個セットです。 冷蔵庫に学校からのおたよりを貼ったり、写真を貼り付けたり便利なマグネット！ 小さくてもパワフルなネオジム磁石を採用しており、A4用紙を約4枚留められます。 同じ種類を5個セットでお届けします。 お好きな種類を組み合わせることはできません。 ※画像の色調はご使用のモニターの機種や設定により実際の商品と異なる場合があります。 製品仕様 選べる3種類 A:パイ×5個/B:メロンパン×5個/C:いちご×5個 サイズ(約) A:パイ：幅11.5×奥行き15×高さ6mm B:メロンパン：幅19×奥行き22×高さ13mm C:いちご：幅13.2×奥行き16.3×高さ5mm 重量 1個あたり(約) A:パイ：0.7g B:メロンパン：4.8g C:いちご：0.7g 注意 ※海外輸入品につき、多少の傷や汚れ、歪みがございます。 ※撮影用小物は付属しません。 ※入荷時期により、磁石の大きさが多少異なる場合があります。 ※同じ種類を5個セットにしてお届けします。お好きな種類を組み合わせることはできません。 ■誤飲の恐れがあるので、小さなお子様やペットの手の届かないところに保管するようにしてください。万一誤飲した場合は、ただちに医師の診断を受けてください。 ■クレジットカード類や磁気カードなどに近付けないようにしてください。磁器不良によって使用できなくなる可能性がございます。 ■心臓ペースメーカーなどの体内埋め込み型医療用電子機器を装着されている方は使用しないでください。磁気が機器の作動に影響を及ぼす可能性がございます。 ■不適切な使用により事故が生じた場合、弊社は責任を負いかねます。たべものマグネット(同種5個セット) （強力マグネット ネオジム磁石付き） たべものの形をしたマグネット5個セットです。 冷蔵庫に学校からのおたよりを貼ったり、写真を貼り付けたり便利なマグネット！ 小さくてもパワフルなネオジム磁石を採用しており、A4用紙を約4枚留められます。 同じ種類を5個セットでお届けします。 お好きな種類を組み合わせることはできません。 ※画像の色調はご使用のモニターの機種や設定により実際の商品と異なる場合があります。 製品仕様 選べる3種類 A:パイ×5個/B:メロンパン×5個/C:いちご×5個 サイズ(約) A:パイ：幅11.5×奥行き15×高さ6mm B:メロンパン：幅19×奥行き22×高さ13mm C:いちご：幅13.2×奥行き16.3×高さ5mm 重量 1個あたり(約) A:パイ：0.7g B:メロンパン：4.8g C:いちご：0.7g 注意 ※海外輸入品につき、多少の傷や汚れ、歪みがございます。 ※撮影用小物は付属しません。 ※入荷時期により、磁石の大きさが多少異なる場合があります。 ※同じ種類を5個セットにしてお届けします。お好きな種類を組み合わせることはできません。 ■誤飲の恐れがあるので、小さなお子様やペットの手の届かないところに保管するようにしてください。万一誤飲した場合は、ただちに医師の診断を受けてください。 ■クレジットカード類や磁気カードなどに近付けないようにしてください。磁器不良によって使用できなくなる可能性がございます。 ■心臓ペースメーカーなどの体内埋め込み型医療用電子機器を装着されている方は使用しないでください。磁気が機器の作動に影響を及ぼす可能性がございます。 ■不適切な使用により事故が生じた場合、弊社は責任を負いかねます。,0.0,0,r-mart-plus,激安輸入雑貨の店・R-MART plus,https://item.rakuten.co.jp/r-mart-plus/ywx00700821m/,https://www.rakuten.co.jp/r-mart-plus/,1
209288,bookoffonline:10535162,【中古】 デモンズ・クラッシュ！ 魔王と勇者とメロンパン 角川スニーカー文庫／あおしまたかし(著者),110,,あおしまたかし(著者)販売会社/発売会社：角川書店/ 発売年月日：2002/10/01JAN：9784044282011,0.0,0,bookoffonline,ブックオフ 楽天市場店,https://item.rakuten.co.jp/bookoffonline/0012596843/,https://www.rakuten.co.jp/bookoffonline/,1
301714,fankle:10004148,それいけ！ アンパンマン 消しゴム ホラーマン ドキンちゃん コキンちゃん メロンパンナ バイキンマン ダダンダン ケシゴム サンスター 文房具 子ども 消しごむ 文房具 新学期 準備 けしごむ,110,,子どもがにぎりやすい太さの消しゴム。 アンパンマン、バイキンマン、ドキンちゃん、コキンちゃん、ホラーマン等、 かわいいキャラクターがいっぱい サイズ(約)：70mm×15mm×15mm 本体：エラストマー JANコード：4901771035757,0.0,0,fankle,ふぁんくる,https://item.rakuten.co.jp/fankle/10007940/,https://www.rakuten.co.jp/fankle/,1
110365,bababa:10025212,メロンパンストラップ ［色指定不可］ (100円ショップ 100円均一 100均一 100均),110,プニプニふわふわのメロンパンストラップ♪,ストラップです。メロンパンを再現したストラップです。触ってプニプニふわふわの感触が楽しめます。※色の指定はできません●サイズ(約)・50×55×厚み20mm(ストラップ含まず)●対象年齢・6歳以上●材質・PU 鉄 ナイロン●用途・ストラップ チャーム キーホルダー パン 玩具●キーワード・すとらっぷ ちゃーむ きーほるだー ぱん おもちゃ 100円ショップ 100円均一 100均一 100均●品名・メロンパンストラップ●品番・074253●JAN・4544042122512●メーカー名・(株)オオイシ●管理単位・12個/600個●入数・1個,0.0,0,bababa,100円雑貨＆日用品卸-BABABA,https://item.rakuten.co.jp/bababa/2tgm78095/,https://www.rakuten.co.jp/bababa/,1
562209,bookoffonline:11273659,【中古】 メロンパン日和 ディアプラス文庫／桜木知沙子【著】,110,,桜木知沙子【著】販売会社/発売会社：新書館発売年月日：2006/12/25JAN：9784403521478,0.0,0,bookoffonline,ブックオフ 楽天市場店,https://item.rakuten.co.jp/bookoffonline/0015507346/,https://www.rakuten.co.jp/bookoffonline/,1
400872,blaze-japan:10007314,ミニチュア 雑貨 パン 2個セット BLAZE インテリア 雑貨 ドールハウス おもちゃ ブレッド 人形 ドール インテリア ミニチュアハウス 小さい かわいい フィギュア コレクション 小物 食べ物 リアル 装飾 雑貨 置物 飾り パーツ メロンパン バゲット フィナンシェ,110,【メール便対応可能】【ミニチュア雑貨 ミニチュア ドールハウス キッチン 食品 ミニ パン お菓子】,★　商品詳細　★ 商品名 ミニチュア雑貨（パン）2個セット　（ZAK-100-016） STAFFコメント 小さいながらもリアルな作りのパンとお菓子。 インテリアやドールハウスなどにおススメです！ デザイン A＜メロンパン＞・B＜バケット＞・C＜フィナンシェ＞ サイズ A：直径約15mm　B：全長約27mm C：約15×11mm（縦×横） 入数 2個 材質 プラスチック 原産国 中国 知っておいて頂きたいこと ▼本品は海外直輸入品です。お客様にお安くご提供させていただく為、『海外製品の基準』をもとに検品しております。一部汚れ・不良箇所・塗装のムラ・剥がれ・ゆがみ・変色等がある場合がございます。あくまで飾りとしてのご使用を想定しておりますので、ご理解の上ご注文下さいませ。 ▼強く力を加えますと破損やけがの恐れがありますのでご注意下さい。 ▼使用目的以外の用途には使用しないで下さい。 ▼小さなお子様の手の届かない場所でご使用、保管してください。 ▼乳幼児がなめたり、口に入れないようにご注意ください。 ▼小さなパーツの取り扱いには十分にご注意ください。 ▼火気に近づけないでください。 ▼閲覧環境により、写真と実際の色が異なる場合がございます。 ▼ロットにより商品のサイズ・色味等が多少異なる場合がございます。 ▼画面上の色はブラウザや設定により、実物とは異なる場合があります。 ▼カートに入れるタイミングで品切れになる場合もございます。 メール便について メール便対応可能商品です。 ご注文内容またはご注文商品数によりメール便1口に収まらない場合は送料が変更になる場合がございます。 ※メール便の注意事項もあわせてご覧ください。　＞＞＞コチラ レビューについて 　　　,5.0,3,blaze-japan,ハンドメイド＆アクセサリー BLAZE,https://item.rakuten.co.jp/blaze-japan/zak-100-016/,https://www.rakuten.co.jp/blaze-japan/,1
207288,tagami:10000443,512 メロンパン 菓子パン ストラップ 100円 100均 景品 粗品 ノベルティ チャーム バッグチャーム おしゃれ かわいい シンプル 子供 安い 小物 カギ キー 雑貨 アクセサリー キッズ 紛失防止 お祭り 祭り 自転車 車 鍵 カバン インスタ パン お菓子,110,【あま〜い香りのする】キュートでかわいいメロンパンのストラップです。,商品情報素材/材質PUサイズ/寸法50x50x20mm注意モニター発色の具合により色合いが異なる場合がございます。アソート4種類のランダムアソートとなります。512 メロンパン 菓子パン ストラップ 100円 100均 景品 粗品 ノベルティ チャーム バッグチャーム おしゃれ かわいい シンプル 子供 安い 小物 カギ キー 雑貨 アクセサリー キッズ 紛失防止 お祭り 祭り 自転車 車 鍵 カバン インスタ パン お菓子 【あま〜い香りのする】キュートでかわいいメロンパンのストラップです。 6,0.0,0,tagami,TAGAMI,https://item.rakuten.co.jp/tagami/422/,https://www.rakuten.co.jp/tagami/,1
209288,bookoffonline:10553745,【中古】 タマラセ　鉄仮面はメロンパンを夢見る 角川スニーカー文庫／六塚光(著者),110,,六塚光(著者)販売会社/発売会社：角川書店/ 発売年月日：2005/09/29JAN：9784044707040,0.0,0,bookoffonline,ブックオフ 楽天市場店,https://item.rakuten.co.jp/bookoffonline/0012797121/,https://www.rakuten.co.jp/bookoffonline/,1
209288,renet3:10541820,【中古】タマラセ−鉄仮面はメロンパンを夢見る− / 六塚光,110,,&nbsp;&nbsp;&nbsp; タマラセ(4)−鉄仮面はメロンパンを夢見る− 文庫 の詳細 カテゴリ: 中古本 ジャンル: 文芸 ライトノベル　男性向け 出版社: 角川書店 レーベル: 角川スニーカー文庫 作者: 六塚光 カナ: タマラセ4テッカメンワメロンパンオユメミル / ムツヅカアキラ / ライトノベル ラノベ サイズ: 文庫 ISBN: 4044707049 発売日: 2005/10/01 関連商品リンク : 六塚光 角川書店 角川スニーカー文庫,0.0,0,renet3,ネットオフ楽天市場支店,https://item.rakuten.co.jp/renet3/0010167622/,https://www.rakuten.co.jp/renet3/,1
406864,auc-stepreikodo:10343262,【中古】ヴァイスシュヴァルツ 無類のメロンパン好き シャナ 【SS/WE41-23 N】 プレミアムブースター 灼眼のシャナ シングルカード,120,,●　商品説明 中古トレーディングカードです。 カードは透明なスリーブに入れております。 ご注文後、商品状態についてお客様に確認が必要と判断した場合、ご連絡させていただく事がございます。 店頭商品になりますので、ご注文いただきました際は早急に手配させていただきますが、 直前で品切れとなる場合もございますので、誠に恐れ入りますが、予めご了承下さい。,0.0,0,auc-stepreikodo,ステップREIKODO,https://item.rakuten.co.jp/auc-stepreikodo/trc-20231019-0048/,https://www.rakuten.co.jp/auc-stepreikodo/,1
214290,kenkouya-webshop:10002738,【バラ売】パスコ　サクふわっメロンパン　Pasco パン 敷島 敷島製パン 菓子パン,125,北海道産発酵バターの豊かな風味とコク,※この商品は消費期限の短い商品です。確実にお受取り可能な日時をご指定ください。 日曜日は休業日のため発送業務は行っておりません。月曜着の商品は土曜に発送し、日曜日終日を運送会社でお預かりすることになります。消費期間がその分短くなりますので、月曜日着指定はご遠慮ください。 (北海道、青森県、福岡県を除く九州（佐賀県、長崎県、大分県、宮崎県、鹿児島県、沖縄県）へのお届けは、火曜日着指定を避けてください。) また、長期不在などでお受け取りいただけず、消費期限を過ぎた場合、当方では責任を負いかねますのでご了承ください。 ※消費期限の関係上、離島からのご注文をお断りする場合がございます。 食パンを消費期限内で食べきれない時は冷凍保存をおすすめします。 冷蔵庫での保存は、パンの劣化を早めてしまうのでお控えください。 消費期限内に冷凍していただき、2週間以内を目安にお召し上がりください。 菓子パンについては商品によって、クリームが分離するなどうまく解凍できず、おいしくお召し上がりいただけないことがありますので、あまりおすすめしておりません。 常温で 保存していただき、消費期限内でできるだけ早めにお召し上がり下さい。 【パスコ　サクふわっメロンパン】 ふんわり、しっとりしたパンに、ノルマンディー産発酵バターを使った風味豊かなビスケットをトッピングしました。 メーカー 敷島製パン株式会社 名称菓子パン 内容量1個(1包装あたり117g) 消費期限製造日を含む5日（夏場） 製造日を含む5日（冬場） 原材料名小麦粉（国内製造）、糖類、卵、ショートニング、バター入りマーガリン、ファットスプレッド、パン酵母、乳等を主要原料とする食品、食塩、加工油脂／加工デンプン、乳化剤、膨脹剤、乳酸Ca、増粘剤（アルギン酸エステル）、香料、イーストフード、ビタミンC、pH調整剤、酸化防止剤（ビタミンE）、着色料（カロチン）、（一部に卵・小麦・乳成分・大豆を含む） この商品に含まれるアレルゲン カロリー415kcal(1個あたり） 保存方法直射日光、高温多湿をさけて保存して下さい。 商品形態,4.33,6,kenkouya-webshop,健康屋　楽天市場店,https://item.rakuten.co.jp/kenkouya-webshop/040152a1/,https://www.rakuten.co.jp/kenkouya-webshop/,1
565609,octopus-garden:10004288,チェコビーズ * メロンラウンド * 5〜5.5mm 【大きめ】* シャンパン ピカソ *20個入り 【 チェコ ビーズ アクセサリー パーツ 材料 メロンラウンド メロン パンプキン ラウンドビーズ ラウンド ピアス 素材 ハンドクラフト 5ミリ 】,138,【 チェコ ビーズ アクセサリー パーツ 材料 メロンラウンド メロン パンプキン ラウンドビーズ ラウンド ピアス 素材 ハンドクラフト 5ミリ 】,【！】他のカラーよりも若干大きめの仕上がりです。 素材 ガラス サイズ 約5〜5.5mm 入り数 20個 注意 お客様がお使いのパソコンモニターによって 色の見え方に違いが生じる場合がございます。 また、カラー名が同じであっても、入荷時期や種類の違いによって形・大きさ・色に 違いが出る事がございます。 あらかじめご了承下さい。,4.0,1,octopus-garden,ビーズショップオクトパスガーデン,https://item.rakuten.co.jp/octopus-garden/melon5_70/,https://www.rakuten.co.jp/octopus-garden/,1
562209,renet3:10090926,【中古】メロンパン日和 / 桜木知沙子 ボーイズラブ小説,139,,&nbsp;&nbsp;&nbsp; メロンパン日和 文庫 の詳細 カテゴリ: 中古本 ジャンル: 文芸 ボーイズラブ 出版社: 新書館 レーベル: 新書館ディアプラス文庫 作者: 桜木知沙子 カナ: メロンパンビヨリ / サクラギチサコ / BL サイズ: 文庫 ISBN: 4403521479 発売日: 2006/12/09 関連商品リンク : 桜木知沙子 新書館 新書館ディアプラス文庫　,0.0,0,renet3,ネットオフ楽天市場支店,https://item.rakuten.co.jp/renet3/0010383342/,https://www.rakuten.co.jp/renet3/,1
208876,renet3:10535850,【中古】メロンパンナのはなばたけ / トムス・エンタテインメント,139,,&nbsp;&nbsp;&nbsp; メロンパンナのはなばたけ 単行本 の詳細 カテゴリ: 中古本 ジャンル: 料理・趣味・児童 絵本 出版社: フレーベル館 レーベル: アンパンマンアニメギャラリー 作者: トムス・エンタテインメント カナ: メロンパンナノハナバタケ / トムスエンタテインメント サイズ: 単行本 ISBN: 4577024446 発売日: 2003/11/01 関連商品リンク : トムス・エンタテインメント フレーベル館 アンパンマンアニメギャラリー,0.0,0,renet3,ネットオフ楽天市場支店,https://item.rakuten.co.jp/renet3/0001426244/,https://www.rakuten.co.jp/renet3/,1
200486,renet3:11114189,【中古】きょうもメロンパン / ヒヨコ舎,139,,&nbsp;&nbsp;&nbsp; きょうもメロンパン 新書 の詳細 パン屋さんから、コンビニ、ネットのお取り寄せまで、東京のおいしいメロンパン全106種類を収録し、雑学知識も盛り込んだ、メロンパンビジュアル図鑑。 カテゴリ: 中古本 ジャンル: 料理・趣味・児童 料理・食品その他 出版社: アスペクト レーベル: 作者: ヒヨコ舎 カナ: キョウモメロンパン / ヒヨコシャ サイズ: 新書 ISBN: 9784757216778 発売日: 2009/06/01 関連商品リンク : ヒヨコ舎 アスペクト,0.0,0,renet3,ネットオフ楽天市場支店,https://item.rakuten.co.jp/renet3/0010889030/,https://www.rakuten.co.jp/renet3/,1
406864,card-museum:10457184,ヴァイスシュヴァルツ プレミアムブースター 灼眼のシャナ 不器用なシャナ(N) SS/WE41-09 | ヴァイス シュヴァルツ キャラクター 炎 メロンパン,140,ヴァイスシュヴァルツ 灼眼のシャナ SSWE41 box開封済 シングルカード,"★ヴァイスシュヴァルツ プレミアムブースター「灼眼のシャナ」(SSWE41)収録 ●SS/WE41-09 ●カード名：不器用なシャナ ●カテゴリー：キャラクター ●色：黄 ●レベル：1　コスト：1　トリガー：1 ●パワー：1000　ソウル：1 ●特徴：《炎》・《メロンパン》 ●テキスト 【自】 あなたがこのカードの『助太刀』を使った時、あなたのキャラすべてが《炎》なら、あなたは自分の山札の上から1枚を、ストック置場に置いてよい。 【起】【カウンター】 助太刀2000 レベル1 ［(1) 手札のこのカードを控え室に置く］ （あなたは自分のフロントアタックされているキャラを1枚選び、そのターン中、パワーを＋2000） ●レアリティ：N★当店のヴァンガードのシングルカードはデッキ,パック開封品です。100円以上または、レア以上のカードはカードプロテクター(スリーブ)にて管理保管されています。",0.0,0,card-museum,カードミュージアム　楽天市場店,https://item.rakuten.co.jp/card-museum/sswe41-09-n/,https://www.rakuten.co.jp/card-museum/,1
214290,marudaihinoya:10000342,D-plusデイプラス 天然酵母パン【メロン】,140,,1ケースは12個入りです。賞味期限もたっぷり。焼立ての品質保持のために「アルコール製剤」が同封してあります。敏感な方はアルコール特有の臭いや苦味を感じられるかもしれません。開封後数分してから召し上がっていただきますようお願いします。,4.5,4,marudaihinoya,食料品のひのや,https://item.rakuten.co.jp/marudaihinoya/10000342/,https://www.rakuten.co.jp/marudaihinoya/,1
214290,kenkouya-webshop:10002664,【バラ売】パスコ　チョコチップメロンパン　Pasco パン 敷島 敷島製パン 菓子パン,140,ハイカカオチョコチップの深い味わい,※この商品は消費期限の短い商品です。確実にお受取り可能な日時をご指定ください。 日曜日は休業日のため発送業務は行っておりません。月曜着の商品は土曜に発送し、日曜日終日を運送会社でお預かりすることになります。消費期間がその分短くなりますので、月曜日着指定はご遠慮ください。 (北海道、青森県、福岡県を除く九州（佐賀県、長崎県、大分県、宮崎県、鹿児島県、沖縄県）へのお届けは、火曜日着指定を避けてください。) また、長期不在などでお受け取りいただけず、消費期限を過ぎた場合、当方では責任を負いかねますのでご了承ください。 ※消費期限の関係上、離島からのご注文をお断りする場合がございます。 食パンを消費期限内で食べきれない時は冷凍保存をおすすめします。 冷蔵庫での保存は、パンの劣化を早めてしまうのでお控えください。 消費期限内に冷凍していただき、2週間以内を目安にお召し上がりください。 菓子パンについては商品によって、クリームが分離するなどうまく解凍できず、おいしくお召し上がりいただけないことがありますので、あまりおすすめしておりません。 常温で 保存していただき、消費期限内でできるだけ早めにお召し上がり下さい。 【パスコ　チョコチップメロンパン】 ふんわり食べやすいパンにチョコチップがたっぷり入ったビスケット生地を被せたメロンパンです。 メーカー 敷島製パン株式会社 名称菓子パン 内容量1個(1包装あたり110g) 消費期限製造日を含む5日（夏場） 製造日を含む5日（冬場） 原材料名小麦粉、糖類、卵、チョコレート、ショートニング、マーガリン、ファットスプレッド、パン酵母、食塩、乳等を主要原料とする食品、加工油脂、水あめ、植物油脂、コーンシロップ、麦麹粉末、でんぷん糖、乳化剤、膨張剤、光沢剤、香料、増粘剤（アルギン酸エステル、ペクチン）、イーストフード、カゼインNa、ビタミンC、酸化防止剤（ビタミンE）、着色料（カロチノイド、ターメリック色素）、クエン酸Na（原材料の一部に卵、小麦、乳成分、大豆を含む） この商品に含まれるアレルゲン カロリー442kcal(1個あたり） 保存方法直射日光、高温多湿をさけて保存して下さい。 商品形態,0.0,0,kenkouya-webshop,健康屋　楽天市場店,https://item.rakuten.co.jp/kenkouya-webshop/040402a1/,https://www.rakuten.co.jp/kenkouya-webshop/,1
406864,card-museum:10457203,ヴァイスシュヴァルツ プレミアムブースター 灼眼のシャナ 初めての気持ち シャナ(N) SS/WE41-13 | ヴァイス シュヴァルツ キャラクター 炎 メロンパン,140,ヴァイスシュヴァルツ 灼眼のシャナ SSWE41 box開封済 シングルカード,"★ヴァイスシュヴァルツ プレミアムブースター「灼眼のシャナ」(SSWE41)収録 ●SS/WE41-13 ●カード名：初めての気持ち シャナ ●カテゴリー：キャラクター ●色：黄 ●レベル：2　コスト：1　トリガー：1 ●パワー：8000　ソウル：1 ●特徴：《炎》・《メロンパン》 ●テキスト 【自】 チェンジ ［(1) 手札の《炎》のキャラを2枚控え室に置き、このカードを手札に戻す］ あなたのクライマックスフェイズの始めに、あなたはコストを払ってよい。そうしたら、あなたは自分の控え室の「大いなる器 シャナ」を1枚選び、このカードがいた枠に置く。 ●レアリティ：N★当店のヴァンガードのシングルカードはデッキ,パック開封品です。100円以上または、レア以上のカードはカードプロテクター(スリーブ)にて管理保管されています。",0.0,0,card-museum,カードミュージアム　楽天市場店,https://item.rakuten.co.jp/card-museum/sswe41-13-n/,https://www.rakuten.co.jp/card-museum/,1
406864,card-museum:10457191,ヴァイスシュヴァルツ プレミアムブースター 灼眼のシャナ 御崎高校の生徒 シャナ(N) SS/WE41-11 | ヴァイス シュヴァルツ キャラクター 炎 メロンパン,140,ヴァイスシュヴァルツ 灼眼のシャナ SSWE41 box開封済 シングルカード,"★ヴァイスシュヴァルツ プレミアムブースター「灼眼のシャナ」(SSWE41)収録 ●SS/WE41-11 ●カード名：御崎高校の生徒 シャナ ●カテゴリー：キャラクター ●色：黄 ●レベル：1　コスト：1　トリガー：0 ●パワー：6000　ソウル：1 ●特徴：《炎》・《メロンパン》 ●テキスト 【自】 他のあなたの《炎》のキャラがアタックした時、そのターン中、このカードのパワーを＋X。Xは他のあなたの《炎》のキャラの枚数×500に等しい。 【自】 アンコール ［手札のキャラを1枚控え室に置く］ （このカードが舞台から控え室に置かれた時、あなたはコストを払ってよい。そうしたら、このカードがいた枠に【レスト】して置く） ●レアリティ：N★当店のヴァンガードのシングルカードはデッキ,パック開封品です。100円以上または、レア以上のカードはカードプロテクター(スリーブ)にて管理保管されています。",0.0,0,card-museum,カードミュージアム　楽天市場店,https://item.rakuten.co.jp/card-museum/sswe41-11-n/,https://www.rakuten.co.jp/card-museum/,1
406864,card-museum:10457186,ヴァイスシュヴァルツ プレミアムブースター 灼眼のシャナ 囚われのシャナ(N) SS/WE41-07 | ヴァイス シュヴァルツ キャラクター 炎 メロンパン,140,ヴァイスシュヴァルツ 灼眼のシャナ SSWE41 box開封済 シングルカード,"★ヴァイスシュヴァルツ プレミアムブースター「灼眼のシャナ」(SSWE41)収録 ●SS/WE41-07 ●カード名：囚われのシャナ ●カテゴリー：キャラクター ●色：黄 ●レベル：1　コスト：0　トリガー：1 ●パワー：3500　ソウル：1 ●特徴：《炎》・《メロンパン》 ●テキスト 【自】 このカードがアタックした時、そのターン中、このカードのパワーを＋X。Xは他のあなたの《炎》のキャラの枚数×1000に等しい。 ●レアリティ：N★当店のヴァンガードのシングルカードはデッキ,パック開封品です。100円以上または、レア以上のカードはカードプロテクター(スリーブ)にて管理保管されています。",0.0,0,card-museum,カードミュージアム　楽天市場店,https://item.rakuten.co.jp/card-museum/sswe41-07-n/,https://www.rakuten.co.jp/card-museum/,1
406864,card-museum:10457181,ヴァイスシュヴァルツ プレミアムブースター 灼眼のシャナ 戸惑うシャナ(N) SS/WE41-03 | ヴァイス シュヴァルツ キャラクター 炎 メロンパン,140,ヴァイスシュヴァルツ 灼眼のシャナ SSWE41 box開封済 シングルカード,"★ヴァイスシュヴァルツ プレミアムブースター「灼眼のシャナ」(SSWE41)収録 ●SS/WE41-03 ●カード名：戸惑うシャナ ●カテゴリー：キャラクター ●色：黄 ●レベル：0　コスト：0　トリガー：0 ●パワー：1500　ソウル：1 ●特徴：《炎》・《メロンパン》 ●テキスト 【永】 他のあなたの《炎》のキャラすべてに、パワーを＋500。 【起】［このカードを【レスト】する］ あなたは自分のキャラを1枚選び、そのターン中、次の能力を与える。『【自】 このカードのバトル相手が【リバース】した時、あなたはそのキャラをストック置場に置いてよい。そうしたら、あなたは相手のストックの下から1枚を、控え室に置く。』 ●レアリティ：N★当店のヴァンガードのシングルカードはデッキ,パック開封品です。100円以上または、レア以上のカードはカードプロテクター(スリーブ)にて管理保管されています。",0.0,0,card-museum,カードミュージアム　楽天市場店,https://item.rakuten.co.jp/card-museum/sswe41-03-n/,https://www.rakuten.co.jp/card-museum/,1
400041,newforest:10200569,ZD39229【中古】【DVD】灼眼のシャナ DVDまがじん2-カリもふこそがメロンパン！！-,150,超話題の大人気作を“ぎゅ～っ”とさらに (当社比2倍)詰め込みすぎた1枚をお届け！！,出演(声)： 釘宮理恵 　　　　　日野聡　他 監督：渡部高志 時間：約100分 画面サイズ：16:9LB ビスタサイズ 　　　　　　4:3スタンダードサイズ 音声：日本語(オリジナル)ステレオ ドルビーデジタル ★　必ずお読みください　★ -------------------------------------------------------- 【送料について】 　　●　1商品につき送料：300円 　　●　10000円以上購入で、送料無料 　　●　商品の個数により、ゆうメール、佐川急便、 　　　　ゆうパックのいずれかで発送いたします。 　　当社指定の配送となります。 　　配送業者の指定は承っておりません。 -------------------------------------------------------- 【商品について】 　　●　VHS、DVD、CD、本はレンタル落ちの中古品で 　　　　ございます。 　　 　　 　　●　ケース・ジャケット・ディスク本体に 　　　　バーコードシール等が貼ってある場合があります。 　　　　クリーニングを行いますが、汚れ・シール等が 　　　　残る場合がございます。 　　●　映像・音声チェックは行っておりませんので、 　　　　神経質な方のご購入はお控えください。 --------------------------------------------------------,0.0,0,newforest,ハッピービデオ,https://item.rakuten.co.jp/newforest/zd39229/,https://www.rakuten.co.jp/newforest/,1
565609,octopus-garden:10004690,チェコビーズ * メロンラウンド * 6mm * アーティチョーク ピカソ *20個入り 【 チェコ ビーズ アクセサリー パーツ 材料 メロンラウンド メロン パンプキン ラウンドビーズ ラウンド ピアス 素材 ハンドクラフト 6ミリ 】,151,【 チェコ ビーズ アクセサリー パーツ 材料 メロンラウンド メロン パンプキン ラウンドビーズ ラウンド ピアス 素材 ハンドクラフト 6ミリ 】,素材 ガラス サイズ 約6mm 入り数 20個 注意 お客様がお使いのパソコンモニターによって 色の見え方に違いが生じる場合がございます。 また、カラー名が同じであっても、入荷時期や種類の違いによって形・大きさ・色に 違いが出る事がございます。 あらかじめご了承下さい。,0.0,0,octopus-garden,ビーズショップオクトパスガーデン,https://item.rakuten.co.jp/octopus-garden/melon6_71/,https://www.rakuten.co.jp/octopus-garden/,1
214290,soyokazepan:10000552,チョコチップ メロン パン 無添加 生地 安心 美味しい 冷凍パン 菓子パン 手作り ビスケット生地 パン ギフト のし 簡単解凍 詰め合わせ,162,チョコチップメロンパン（1個約70g）,原材料名 小麦粉、チョコチップ、砂糖、卵、バター、脱脂粉乳、塩、イースト 内容量 1個（約70g焼成後）266kcal 賞味期限 冷凍保存1ヶ月間 保存方法 冷凍庫で保管、自然解凍後オーブンで軽く加熱してください。 お届け日 ご注文内容確認後、メールにてお知らせ致します。 配送方法 クロネコヤマト冷凍便※コンビニ受け取りは出来ません。手づくりビス生地にチョコチップを贅沢に使用 チョコチップメロンパン チョコチップがたくさん入ってる！ ちょっぴり変わった感じのメロンパンに仕上がりました。,4.25,4,soyokazepan,手づくりパン工房そよ風,https://item.rakuten.co.jp/soyokazepan/10000552/,https://www.rakuten.co.jp/soyokazepan/,1
101830,bunguo-no-osk:10010195,アンパンマン なかよしとうめいシールE シール 知育 知育玩具 園児 幼児 ドキンちゃん バイキンマン メロンパンナちゃん バタコさん ジャムおじさん【05P03Dec16】【メール便可】 [M便 1/30],165,子どもたちに大人気のアンパンマンのシール！アンパンマンの仲間たちがいっぱい♪,30 詳細 サイズ 本体サイズ：W50×H145×D1mm パッケージ入サイズ：W55×H175×D1mm 重量 本体重量：2g 材質 本体：PET 生産国 日本 特徴 子どもたちに大人気のアンパンマンのシール！ アンパンマンとバイキンマンは、全柄に登場！ 各柄に仲間たちがちりばめられていて、すべて揃えたくなります。 安心の日本製。 関連商品 アンパンマン なかよしとうめいシールB なかよしとうめいシールC なかよしとうめいシールD なかよしとうめいシールE 発送日 1〜3営業日以内に発送予定(土日祝除) ※店舗品切の場合はメールにてご連絡いたします 配送方法 メール便対応商品です【30商品まで】　 * 同梱商品として人気です *,0.0,0,bunguo-no-osk,文具王のOSK,https://item.rakuten.co.jp/bunguo-no-osk/2860010e/,https://www.rakuten.co.jp/bunguo-no-osk/,1
210254,fulful:10002064,生地　布　アンパンマン　入園入学　キャラクター　ブロード生地　綿100％　バンダイ　イエロー　黄色,165,アンパンマン　バイキンマン　クリームパンダちゃん　メロンパンナちゃん,　　　★★★それいけ！！アンパンマン　　★★★　 　 ★　コットン100％　★ブロード生地　　★生地巾　約110cm ★　ゆうパケット便で4mまでお送りできます　 ★　生地は10cm単位での販売ですので、無駄なくお買い上げできます。 　　例えば1m30cmの場合は数量は「　13個　」となります。★,0.0,0,fulful,手芸店フルフル,https://item.rakuten.co.jp/fulful/a-2100-28/,https://www.rakuten.co.jp/fulful/,1
210254,fabrics2004:10017250,【オックス】★10cm単位続けてカット★アンパンマン　スウィートキャンディ　2020　【女の子 ドキンちゃん コキンちゃん メロンパンナ ロールパンナ クリームパンダ 】,165,入園 通園 入学 通学 生地 布,,0.0,0,fabrics2004,ハンドメイドのお店ファブリックス,https://item.rakuten.co.jp/fabrics2004/a2100-34/,https://www.rakuten.co.jp/fabrics2004/,1
210254,e-syugei:10031450,●A2100-35 ◆アンパンマン スポーツするぞ。 オックス 生地　(10cm単位)　(メール便可),165,入園 入学 あんぱんまん あんぱんマン ドキンちゃん メロンパンナちゃん カレーパンマン しょくぱんマン バイキンマン,※この商品だけでメール便発送する場合150cm入ります。(別のアイテムもご注文の場合はメール便に入りきらない場合がございます)メール便で151cm以上ご購入の場合は分けてご注文下さい（一度にご注文いただくと、当店メール便規定サイズにオーバーしますので送料がかかります。メール便送料はご注文回数に応じて追加されます。）（こちらは自動表記を採用しておりますので、生地をご購入の場合は扱いが異なります。分けて発送ができませんのでご注意下さい）■素材:綿100%■幅:110cm■厚さ:普通(オックス)大人気!アンパンマンのオックス生地です。レッスンバッグや給食袋などの入園入学のご準備にいかがですか。#テレビ#キャラクター#アニメ#やなせたかし#学校準備#幼稚園#絵本バッグ#上履き入れ#上靴入れ#コップ入れ#マスク袋#マスクホルダー#スモック#エプロン※廃番・廃色などの理由により色の選択肢にない商品はお取扱いがございません。※価格は10cmあたりのお値段です。30cm以上よりお買い求め下さい。※(ご注文数)には次のようにご入力下さい。　　(例1) 30cm=3　(例2) 1.5m=15※生地幅のカットはお受けしておりません。※こちらの商品は、店頭販売にて売切となることがございます。※PC環境によって色の差異がありますのでご了承下さい。ご了承のうえご注文お願いします。※生地は折り畳んでの発送となります。 メーカーより丸巻で入荷するものは丸巻きでの配送も可能ですが規定送料とは別途のオプション送料がかかります。 丸巻きご希望の際は備考欄に「送料プラスして丸巻発送希望」とご記入ください。※この商品を製品化して販売することは禁止されております。cd109012●L2170-16 ◆アンパンマン アルファベット ブロック 綿麻プリント 生地　(10cm単位)●A2100-36 ◆アンパンマン 花束をどうぞ。 オックス 生地　(10cm単位)●B2130-22 ◆アンパンマン 気球と雲 ブロード 生地　(10cm単位),0.0,0,e-syugei,京こばこ,https://item.rakuten.co.jp/e-syugei/9907221000073/,https://www.rakuten.co.jp/e-syugei/,1
210254,heartsewing:10004588,【オックス】 アンパンマン 「あまいもの集まれ」 キャンディ ロリポップ ドキンちゃん コキンちゃん メロンパンナ 女の子 入学 入園 レッスンバッグ エプロン,165,お菓子がいっぱい,商品情報素材/材質コットン100%オックスその他商品説明*生地幅約110cm*200センチまでメール便対応です。*ご注文は「3」30センチからです。「1」「2」でのご注文はキャンセルとなりますのでご了承ください【例】50cmご入用の場合・・【5】とご入力ください。1mご入用の場合・・【10】とご入力ください。注意モニター発色の具合により色合いが異なる場合がございます。生地の性質上、小さな色抜け、異原糸の混入等がある場合がございます。ご了承の上お買い物ください【オックス】 アンパンマン 「あまいもの集まれ」 キャンディ ロリポップ ドキンちゃん コキンちゃん メロンパンナ 女の子 入学 入園 レッスンバッグ エプロン お菓子がいっぱい 5,0.0,0,heartsewing,fabric-store heartsewing,https://item.rakuten.co.jp/heartsewing/ky-2100-34/,https://www.rakuten.co.jp/heartsewing/,1
400041,king-ya:10383841,【バーゲンセール】【中古】DVD▼【訳あり】それいけ!アンパンマン アンパンマンとおかしな仲間 ※センターホール割れ レンタル落ち,168,アニメ ・アンパンマン・ジャムおじさん・ばいきんまん・こむすびまん・おむすびまん・バタコ・チーズ・ドキンちゃん・メロンパンナ,&nbsp;JAN&nbsp;4988021174961&nbsp;品　番&nbsp;VPBE17496WAKE&nbsp;出　演&nbsp;アンパンマン(戸田恵子)／ジャムおじさん(増岡弘)／ばいきんまん(中尾隆聖)／こむすびまん(林原めぐみ)／おむすびまん(京田尚子)／バタコ(佐久間レイ)／チーズ(山寺宏一)／ドキンちゃん(鶴ひろみ)／メロンパンナ(かないみか)&nbsp;原　作&nbsp;やなせたかし&nbsp;監　督&nbsp;矢野博之／阿部司&nbsp;制作年、時間&nbsp;1998年&nbsp;25分&nbsp;製作国&nbsp;日本&nbsp;メーカー等&nbsp;株式会社バップ&nbsp;ジャンル&nbsp;アニメ／TVアニメ／ファンタジー／アクション／ヒーロー／ヒロイン／キッズ&nbsp;カテゴリー&nbsp;DVD&nbsp;入荷日&nbsp;【2024-03-08】【あらすじ】修行をしているおむすびまんとこむすびまんがお化け屋敷で大活躍する「おむすびまんとおばけやしき」と、「クリームパンダのおかしの国」の全2編を収録する。※センターホール割れレンタル落ちの中古品です,0.0,0,king-ya,中古DVDと雑貨のキング屋,https://item.rakuten.co.jp/king-ya/394624-049/,https://www.rakuten.co.jp/king-ya/,1
406864,card-museum:10457216,ヴァイスシュヴァルツ プレミアムブースター 灼眼のシャナ 無類のメロンパン好き シャナ(N) SS/WE41-23 | ヴァイス シュヴァルツ キャラクター 炎 メロンパン,168,ヴァイスシュヴァルツ 灼眼のシャナ SSWE41 box開封済 シングルカード,"★ヴァイスシュヴァルツ プレミアムブースター「灼眼のシャナ」(SSWE41)収録 ●SS/WE41-23 ●カード名：無類のメロンパン好き シャナ ●カテゴリー：キャラクター ●色：赤 ●レベル：0　コスト：0　トリガー：0 ●パワー：1500　ソウル：1 ●特徴：《炎》・《メロンパン》 ●テキスト 【自】［手札を1枚クロック置場に置く］ このカードが手札から舞台に置かれた時、あなたはコストを払ってよい。そうしたら、あなたは自分の山札を上からX枚まで見て、カードを1枚まで選び、手札に加え、残りのカードを控え室に置く。Xは他のあなたの《炎》のキャラの枚数に等しい。 【自】 相手のクライマックスがクライマックス置場に置かれた時、あなたはこのカードをストック置場に置いてよい。 ●レアリティ：N★当店のヴァンガードのシングルカードはデッキ,パック開封品です。100円以上または、レア以上のカードはカードプロテクター(スリーブ)にて管理保管されています。",0.0,0,card-museum,カードミュージアム　楽天市場店,https://item.rakuten.co.jp/card-museum/sswe41-23-n/,https://www.rakuten.co.jp/card-museum/,1
200486,renet3:11229937,【中古】メロンパン大集合 / 佐藤 律子（菓子）,171,,&nbsp;&nbsp;&nbsp; メロンパン大集合 単行本 の詳細 カテゴリ: 中古本 ジャンル: 料理・趣味・児童 料理・食品その他 出版社: 旭屋出版 レーベル: 旭屋出版MOOK 作者: 佐藤律子 カナ: メロンパンダイシュウゴウ / サトウリツコ サイズ: 単行本 ISBN: 4751104462 発売日: 2004/08/01 関連商品リンク : 佐藤律子 旭屋出版 旭屋出版MOOK,0.0,0,renet3,ネットオフ楽天市場支店,https://item.rakuten.co.jp/renet3/0001530400/,https://www.rakuten.co.jp/renet3/,1
214290,kikupan:10000032,メロンパン,172,岩手県産南部小麦100％使った 自然の甘さで飽きのこないメロンパンです。,品名 メロンパン 内容量 1個 賞味期限 製造日より冷凍で概ね3ヶ月 保存方法 -18℃以下で保存（要冷凍）解凍後は涼しいところに保存し、2日以内にお召し上がり下さい 原材料 南部小麦粉、三温糖、卵、有機マーガリン、白神こだま酵母、塩、重曹 アレルギー表示 小麦、卵、乳 成分表示 （1個あたり） エネルギー：288.3kcal たんぱく質：6.7g 脂質　　　：7.9g 炭水化物　：45.5g 食塩相当量：0.6g 製造者 手作り工房きくぱん岩手県紫波郡紫波町江柄字清水屋敷90-2自然解凍でお召し上がりいただけます。,3.57,14,kikupan,きくぱんベーグル,https://item.rakuten.co.jp/kikupan/pan1/,https://www.rakuten.co.jp/kikupan/,1
214290,green-kyoto:10000055,フレンチトースト,173,厚切り食パンを使用したフレンチトースト,商品詳細 GREEN特製の食パンを厚切りにしフレンチ液をしみこませて焼き上げたフレンチトーストです サイズの目安：約10cm×約10cm×約14cmの三角形　高さ：約5cm　　重さ：約65〜70g （手作り商品につき気候や湿度により変動することがあります） 賞味期限：常温保存で4日間 　　　　　冷凍保存で3週間 保存方法 高温多湿を避け冷暗所で常温保存（夏の暑い時期は冷蔵・冷凍保存をおすすめします） （期限内に食べられない場合冷凍保存してください） 美味しい食べ方 冷凍保存された場合自然解凍していただきそのままお召し上がりいただく事も可能です。 常温保存も冷凍保存での自然解凍後も少しだけトースターで温めて頂くと焼き立てのふわふわ感が戻り一層おいしくお召し上がりいただきます。 原材料 強力粉・バター・生クリーム・上白糖・脱脂粉乳・塩・牛乳・卵・粉砂糖・バニラエッセンス/イースト（一部に乳製品・卵含む） お届け便 特に指定がない場合 　 　6月〜9月　クール便 10月〜5月　普通便 でお届けいたします （10月〜5月のクール指定も可※別途210円）,4.0,2,green-kyoto,京都パン屋GREEN,https://item.rakuten.co.jp/green-kyoto/kasi-006/,https://www.rakuten.co.jp/green-kyoto/,1
565609,octopus-garden:10003190,チェコビーズ * メロンビーズ ラウンド * 8mm * ジェット *12個入り 【 チェコ ビーズ アクセサリー パーツ 材料 メロンラウンド メロン パンプキン ラウンドビーズ ピアス 素材 ハンドクラフト 8ミリ ブラック 黒色 】,176,【 チェコ ビーズ アクセサリー パーツ 材料 メロンラウンド メロン パンプキン ラウンドビーズ ピアス 素材 ハンドクラフト 8ミリ 】,素材 ガラス サイズ 約8mm 入り数 12個 注意 お客様がお使いのパソコンモニターによって 色の見え方に違いが生じる場合がございます。 また、カラー名が同じであっても、入荷時期や種類の違いによって形・大きさ・色に 違いが出る事がございます。 あらかじめご了承下さい。,0.0,0,octopus-garden,ビーズショップオクトパスガーデン,https://item.rakuten.co.jp/octopus-garden/melon8_08/,https://www.rakuten.co.jp/octopus-garden/,1
565609,octopus-garden:10000130,チェコビーズ * メロンラウンド * 8mm * グリーン ターコイズ *12個入り 【 チェコ ビーズ アクセサリー パーツ 材料 メロンラウンド メロン パンプキン ラウンドビーズ ピアス 素材 ハンドクラフト 8ミリ 】,176,【 チェコ ビーズ アクセサリー パーツ 材料 メロンラウンド メロン パンプキン ラウンドビーズ ピアス 素材 ハンドクラフト 8ミリ 】,素材 ガラス サイズ 約8mm 入り数 12個 注意 お客様がお使いのパソコンモニターによって 色の見え方に違いが生じる場合がございます。 また、カラー名が同じであっても、入荷時期や種類の違いによって形・大きさ・色に 違いが出る事がございます。 あらかじめご了承下さい。,4.83,6,octopus-garden,ビーズショップオクトパスガーデン,https://item.rakuten.co.jp/octopus-garden/melon8_09/,https://www.rakuten.co.jp/octopus-garden/,1
565609,octopus-garden:10000137,チェコビーズ * メロンラウンド * 8mm * オパーク アメジスト マーブル ゴールド *12個入り 【 チェコ ビーズ アクセサリー パーツ 材料 メロンラウンド メロン パンプキン ラウンドビーズ ピアス 素材 ハンドクラフト 8ミリ 】,176,【 チェコ ビーズ アクセサリー パーツ 材料 メロンラウンド メロン パンプキン ラウンドビーズ ピアス 素材 ハンドクラフト 8ミリ 】,素材 ガラス サイズ 約8mm 入り数 12個 注意 お客様がお使いのパソコンモニターによって 色の見え方に違いが生じる場合がございます。 また、カラー名が同じであっても、入荷時期や種類の違いによって形・大きさ・色に 違いが出る事がございます。 あらかじめご了承下さい。,4.8,5,octopus-garden,ビーズショップオクトパスガーデン,https://item.rakuten.co.jp/octopus-garden/melon8_11/,https://www.rakuten.co.jp/octopus-garden/,1
205836,akgshop:10026540,【 RYU-RYU シール】 3Way サークルシール パン屋　RCSN-33　昭和ノスタルジー ミシン目入りシール台紙 60枚 ぱん柄 パッケージ ブレッドデザイン/コロネ サンドイッチ メロンパン/3ウェイ Circle Seals/RYURYU リュリュ/パック ジュース【3cmメール便OK】,176,大人気 りゅりゅさん 3WAYサークルシール SHOWA ノスタルジック ごほうびシール 出席表などにもぴったり レトロシール あんぱん,かわいい 使いやすい♪ RYURYUさんの 新しい台紙 3WAYサークルシールです♪ シール素材も美しいのが嬉しい！ ★新台紙の特長♪ *真ん中にミシン目が入っています♪ 切り離して、シェアすることが出来ます！ *台紙ごとノートや手帳に貼ることが出来ます。 上部のスリット部分をはがすと、ノートやスケジュール帳などに、ペタッと貼り付けることが出来ます！ ポケットなどがなくても、落下の心配もなく、持ち運ぶことが出来ます。 *重ね貼りして、保管できます！ 手帳やノートに貼り付けて、コレクションを見やすく出来ます♪ 新しく生まれ変わった、リュリュさんの3WAYサークルシールです！ 大変ご好評を頂いております。 デコレーションに、ポイント使いに♪ スケジュール帳、家計簿、育児日記など、とってもステキにデコレーション出来ちゃう(*^-^*) ぽち袋、お手紙の封止めに♪ カードや色紙のデコに！ お子様のご褒美シール、よくできましたシールにもおススメです 1枚でたっぷりお楽しみ頂くことができるサークルシール♪ お子様のアルバムに！ 思い出作りにも大活躍してくれそうです♪ ★サイズ：約H170mm×W105mm ★素　材：素材：シール紙＋透明シート張り ★内　容：シールシート1枚、60ピース入り ★「ミシン目で切ってシェアできる」 ★「台帳ごとノートや手帳に貼れる」 ★「重ね貼りして保管できる」3way仕様。 ★おけいこや目標達成などの、ごほうびシールやメッセージカードのデコレーションなど、ご使用して頂くのは勿論、シールのコレクションとしてもおすすめです。 ※数量制限しております。 数量超過のご注文は、お断りさせて頂きます。ご了承ください。 ※在庫数量のお問い合わせは、トラブル防止のためご遠慮ください。★★★ &#127804;その他のサークルシールはこちらから&#127804; &#127804;その他のパンデザインはこちらから&#127804;,0.0,0,akgshop,Aplenty Kind Galleria,https://item.rakuten.co.jp/akgshop/ryu-rcsn-33/,https://www.rakuten.co.jp/akgshop/,1
214290,soyokazepan:10000040,【メロンパン】芳醇なバターの香りが漂う 工房手づくりのビス生地で作った昔なつかしメロンパン（1個約65g）,180,,商品名 メロンパン 名称 菓子パン 原材料名 小麦粉、砂糖、卵、バター、脱脂粉乳、イースト、塩 内容量 1個(約65g焼成後) 賞味期限 冷凍保存　1ヶ月解凍後は、その日のうちにお召し上がりください。 栄養成分表示（1個当たり） 熱　量・・・242kcal たんぱく質・・・5.1g 脂　質・・・6.4g 炭水化物・・・39.9g ナトリウム116.6mg（食塩相当量・・・0.3g）※原材料メーカーより提供された情報に基づく計算値 保存方法 冷凍庫で保存してください。オーブンで数分加熱すると美味しくお召し上がり頂けます。 製造者 社会福祉法人恵風会（手づくりパン工房そよ風）長崎県長崎市平山町463-1 配送方法 クロネコヤマト冷凍便※コンビニ受け取りは出来ません。芳醇なバターの香りが漂うレトロな味のメロンパン メロンパン 芳醇なバターの香りが！ 工房手づくりのビス生地で作った 昔なつかしい感じの味がするメロンパン。 やっぱりメロンパンは定番なのです。,4.61,33,soyokazepan,手づくりパン工房そよ風,https://item.rakuten.co.jp/soyokazepan/meronpan/,https://www.rakuten.co.jp/soyokazepan/,1
214290,daisen-coffee:10000044,サクサクメロンパン 1個 冷凍パン,180,冷凍パン,【商品名】 サクサクメロンパン 1個 冷凍パン 【商品概要】 サクサクしたビスケット生地の大人気メロンパン※他商品のパンセットに同梱はできません。(別途送料が必要となります。) 【内容量】 1個 【賞味期限】 冷凍・未開封で20日／解凍後1日(※ここでの表記は目安となります。お届けした各パンに個別記載しております。) 【保存方法】 冷凍(-18度以下で保存) 【お召し上がり方】 解凍してレンジやオーブントースターで温めてお召し上がりください。 【お届け方法】 冷凍便でのお届けとなります。 【販売者】 株式会社日光企画大阪府大東市三住町17-12,4.33,3,daisen-coffee,コーヒー＆石窯パン専門店ガウディ,https://item.rakuten.co.jp/daisen-coffee/gaudi-0000006/,https://www.rakuten.co.jp/daisen-coffee/,1
565609,octopus-garden:10004692,チェコビーズ * メロンラウンド * 6mm * ルビー ピカソ *20個入り 【 チェコ ビーズ アクセサリー パーツ 材料 メロンラウンド メロン パンプキン ラウンドビーズ ラウンド ピアス 素材 ハンドクラフト 6ミリ 】,181,【 チェコ ビーズ アクセサリー パーツ 材料 メロンラウンド メロン パンプキン ラウンドビーズ ラウンド ピアス 素材 ハンドクラフト 6ミリ 】,素材 ガラス サイズ 約6mm 入り数 20個 注意 お客様がお使いのパソコンモニターによって 色の見え方に違いが生じる場合がございます。 また、カラー名が同じであっても、入荷時期や種類の違いによって形・大きさ・色に 違いが出る事がございます。 あらかじめご了承下さい。,0.0,0,octopus-garden,ビーズショップオクトパスガーデン,https://item.rakuten.co.jp/octopus-garden/melon6_17/,https://www.rakuten.co.jp/octopus-garden/,1
565609,octopus-garden:10004277,チェコビーズ * メロンラウンド * 6mm * セラドン マーキュリー *20個入り 【 チェコ ビーズ アクセサリー パーツ 材料 メロンラウンド メロン パンプキン ラウンドビーズ ラウンド ピアス 素材 ハンドクラフト 6ミリ 】,181,【 チェコ ビーズ アクセサリー パーツ 材料 メロンラウンド メロン パンプキン ラウンドビーズ ラウンド ピアス 素材 ハンドクラフト 6ミリ 】,素材 ガラス サイズ 約6mm 入り数 20個 注意 お客様がお使いのパソコンモニターによって 色の見え方に違いが生じる場合がございます。 また、カラー名が同じであっても、入荷時期や種類の違いによって形・大きさ・色に 違いが出る事がございます。 あらかじめご了承下さい。,4.67,3,octopus-garden,ビーズショップオクトパスガーデン,https://item.rakuten.co.jp/octopus-garden/melon6_72/,https://www.rakuten.co.jp/octopus-garden/,1
112114,petforest:10012020,◇サンメイト メロンパン 55g,183,メロンパン55g,商品の特徴 サンメイト メロンパン 55g ●犬用のパン風スナック(おやつ)です。 ●「コックさんがワンちゃんのために焼いたコックパン」シリーズの新商品です。 【使用方法】 スナックとして与えてください。本品は主食ではありません。必ずペットフードとあわせて与えてください。 【その他】 粗タンパク質:8.7%以上、粗脂肪:6.4%以上、粗繊維:2.7%以下、粗灰分:0.5%以下、水分:17.8%以下、エネルギー(100gあたり):359kcal 製品仕様 ●原材料 小麦粉(国内製造)、糖類(砂糖、ブドウ糖、イソマルトオリゴ糖シロップ)、植物油脂(ショートニング、なたね油、大豆油)、パン酵母、脱脂粉乳、メロン果汁加工品(果糖ブドウ糖液糖、メロン濃縮果汁)、でん粉(小麦を含む)/加工でん粉、香料、着色料(食用青色1号、紅花黄、クチナシ)、酸味料 ●内容量55g ●賞味期限:12カ月 ●原産国または製造地:日本 JANコード：4523294009079 ※商品詳細につきましてはメーカーHP等よりご確認下さいますようお願いいたします。※商品のデザイン、仕様は予告なく変更する場合がありますのでご了承ください。,0.0,0,petforest,ペットフォレスト　楽天市場店,https://item.rakuten.co.jp/petforest/pf-4523294009079/,https://www.rakuten.co.jp/petforest/,1
565715,beisia:10064426,サンメイト コックさんがワンちゃんのために焼いた メロンパン 55g ペット,183,,商品情報メーカー名サンメイト商品特徴犬用のパン風スナック（おやつ）です。内容量55g原材料小麦粉（国内製造）、糖類（砂糖、ブドウ糖、イソマルトオリゴ糖シロップ）、植物油脂（ショートニング、なたね油、大豆油）、パン酵母、脱脂粉乳、メロン果汁加工品（果糖ブドウ糖液糖、メロン濃縮果汁）、でん粉（小麦を含む）／加工でん粉、香料、着色料（食用青色1号、紅花黄、クチナシ）、酸味料栄養成分粗たんぱく質8.7％以上、粗脂肪6.4％以上、粗繊維2.7％以下、粗灰分0.5％以下、水分17.8％以下、エネルギー359kal/100g生産国日本※予告なくパッケージ、商品名、産地等が変更になる場合がございます。予めご了承ください。,0.0,0,beisia,ベイシア楽天市場店,https://item.rakuten.co.jp/beisia/4523294009079/,https://www.rakuten.co.jp/beisia/,1
214290,konoepan:10000245,パン 菓子パン さわやかメロン,184,,お子様にも大人気！見た目にもとても爽やかなメロンパンです。 ブリオッシュをメロンの皮で包んでいます。 ■賞味期限■ 製造日より4日　冷凍した場合10日 ■主な原材料■ 小麦粉、自然塩、砂糖、マーガリン、全卵、パン酵母、黄色4号、青色1号,4.62,13,konoepan,このえパン,https://item.rakuten.co.jp/konoepan/1359304/,https://www.rakuten.co.jp/konoepan/,1
214290,konoepan:10000215,パン 菓子パン このえのメロンパン,184,,一見どこにでもあるメロンパンですが、手作りのビスケット生地をトッピングしてありますので外側はカリカリ、中はしっとりの50年来作っている名物のメロンパンです。 ■賞味期限■ 製造日より4日　冷凍した場合10日 ■主な原材料■小麦粉、自然塩、砂糖、マーガリン、全卵、パン酵母、グラニュー糖,4.54,37,konoepan,このえパン,https://item.rakuten.co.jp/konoepan/698889/,https://www.rakuten.co.jp/konoepan/,1
210254,tezukurisouko-airi:10002629,生地 アンパンマン さくらんぼ 綿 100% オックス ピンク 商用利用不可 110cm幅 10cm単位販売【おすすめ用途】 入園グッズ 巾着袋,187,キャラクター メロンパンナ ロールパンナ コットン 桃色 布 手作り 手づくり 入園 入学 ハンドメイド 裁縫 針仕事 ソーイング 生地 手芸材料 KIJICO キジコ,表示在庫数 　・希望数より少ない場合は相談ください 　・店頭に在庫がある場合がございます。 　・ほかショップと共通在庫となっております。 　・ご注文のタイミングによっては、　　ご用意出来ない場合がございます。 　【 お店の人に聞いてみる 】← 販売中の生地について 　ご注文前に下記の項目をご確認ください。 生地のシワ 　取扱いの生地の殆どが入荷時に半折となっており、　半折作業時の発生するシワついては避けられません。 　ご注文通り正しく採寸するためにアイロンをかける　ことがございますが、採寸の為となっております。 たたみジワ 　たたんでお送りするため、 　お届け後アイロンor水通し等でご対応ください。 生地の歪み 　生地は織物のため多少の歪みがございます。 　注文数より短くならないよう長めに裁断しております。 生地の縮み 　綿生地、綿麻生地いづれも、　お洗濯や水通しで若干縮むことがございます。 生地の水通し 　色移り防止のため単独で行ってください。 　洗剤は使用しないでください。 　一度広げてから浸水させてください。 　浸水時間は素材によって異なります。 　浸水時間はお客様でご判断ください。 ご購入前の注意事項 　【返品・交換】 　発送完了後、お客様のご都合での返品は　お受けしておりません。 　キズなどによる返品・交換は　お受けしておりますのでご連絡ください。 　【商品画像】 　お使いの端末により違って見える場合がございます。 　生産ロットにより若干色ブレがございます。 　その他の項目について 　 製造上避けられない事項や他の注意事項表示価格 　10cmの価格 販売単位 　購入数1個＝10cm　/　最低注文数＝1個 素材 / 織り 　コットン100％ / オックス 生地幅 　約110cm 商用利用 　ハンドメイド作品として制作、販売は「禁止」です。 送料 　ご注文数にかかわらず一律 360円(税込) 　沖縄・離島・一部地域については対象外の場合がございます。 　[ 沖縄・離島・一部地域 一覧 ] 配送方法 　[ おまかせ配送 ]となります。 　ご注文数に応じて当店にて配送方法を決めさせていただきます。 　 　[ 配送方法 ] 　追跡可能メール便 / 宅急便 　ご指定いただいてもご希望に添えない場合がございます。 日時指定 　ご注文数にかかわらずご指定いただけます。 　送料維持のため【必要な場合にのみ】ご指定ください。 送料無料ライン 　3980円以上のご注文 　お届け先が沖縄・離島・山間部の場合は9800円のご注文 お役立ち関連商品 　接着芯をご利用いただけると薄手の生地も厚みもハリも出ます 　,0.0,0,tezukurisouko-airi,生地と手芸材料 KIJICO,https://item.rakuten.co.jp/tezukurisouko-airi/item_0623/,https://www.rakuten.co.jp/tezukurisouko-airi/,1
210254,te-ami:10003306,【クーポンでお得!】【14時迄即日発送】2023年度 アンパンマン 公式 キャラクター 布 綿 オックス さくらぼ柄 チェリーがいっぱい ピンク 生地 コットン キッズ 入園入学 キャラ 布 ドキンちゃん メロンパンナ,187,アンパンマン生地 キャラクター 布 コットン オックス さくらんぼ柄　ピンクカラー 即日発送可能 メール便発送可能 入園 入学 グッズ メロンパンナ,商品説明 素材 綿100%　オックス サイズ 生地幅約110cm●販売は、100cm以上10cm単位のカット売りです。 ●販売価格は、10cmの値段です 特徴 普通地0のオックス生地。スモック 布団カバー バッグ、雑貨小物、学童用品、ベビー用品、インテリアカバーなどに最適です。 注意 モニターの発色の具合によって実際のものと色が異なる場合がございます。【P2倍＆クーポンでお得】【14時まで即日発送】2023年度 アンパンマン 公式 キャラクター 布 綿 オックス さくらぼ柄 チェリーがいっぱい ピンク 生地 コットン キッズ 入園入学 キャラ 布 ドキンちゃん メロンパンナ アンパンマン生地 キャラクター 布 コットン オックス さくらんぼ柄　ピンクカラー 即日発送可能 メール便発送可能 入園 入学 グッズ メロンパンナ アンパンマン　公式　さくらんぼ柄の　綿オックス生地です綿100％のオックス、普通生地です。ピンク色バッグや巾着、エプロン、ランチョンマット、インテリア用品にもおすすめです。 11,0.0,0,te-ami,ほのぼの手-ami,https://item.rakuten.co.jp/te-ami/10003306/,https://www.rakuten.co.jp/te-ami/,1
210254,fabrics2004:10020289,【オックス】★10cm単位続けてカット★アンパンマン　ハートとカップケーキ柄　2024,187,女の子 ドキンちゃん コキンちゃん メロンパンナちゃん クリームパンダ 生地 布 入園 通園 キャラクター,,0.0,0,fabrics2004,ハンドメイドのお店ファブリックス,https://item.rakuten.co.jp/fabrics2004/a2100-40/,https://www.rakuten.co.jp/fabrics2004/,1
210254,heartsewing:10004493,【オックス】 「アンパンマン」 「ハートとスイーツ」 カップケーキ ドキンちゃん コキンちゃん メロンパンナ 女の子 入学 入学 レッスンバッグ エプロン 2024,187,ハートとスイーツがいっぱい,商品情報素材/材質コットン100%オックスその他商品説明*生地幅約110cm*200センチまでメール便対応です。*ご注文は「3」30センチからです。「1」「2」でのご注文はキャンセルとなりますのでご了承ください【例】50cmご入用の場合・・【5】とご入力ください。1mご入用の場合・・【10】とご入力ください。注意モニター発色の具合により色合いが異なる場合がございます。生地の性質上、小さな色抜け、異原糸の混入等がある場合がございます。ご了承の上お買い物ください【オックス】 「アンパンマン」 「ハートとスイーツ」 カップケーキ ドキンちゃん コキンちゃん メロンパンナ 女の子 入学 入学 レッスンバッグ エプロン 2024 ハートとスイーツがいっぱい 5,5.0,1,heartsewing,fabric-store heartsewing,https://item.rakuten.co.jp/heartsewing/ky-2100-40/,https://www.rakuten.co.jp/heartsewing/,1
565609,octopus-garden:10003418,チェコビーズ * メロンビーズ ラウンド * 8mm * ダークブロンズ *12個入り 【 チェコ ビーズ アクセサリー パーツ 材料 メロンラウンド メロン パンプキン ラウンドビーズ ピアス 素材 ハンドクラフト 8ミリ 】,187,【 チェコ ビーズ アクセサリー パーツ 材料 メロンラウンド メロン パンプキン ラウンドビーズ ピアス 素材 ハンドクラフト 8ミリ 】,素材 ガラス サイズ 約8mm 入り数 12個 注意 お客様がお使いのパソコンモニターによって 色の見え方に違いが生じる場合がございます。 また、カラー名が同じであっても、入荷時期や種類の違いによって形・大きさ・色に 違いが出る事がございます。 あらかじめご了承下さい。,0.0,0,octopus-garden,ビーズショップオクトパスガーデン,https://item.rakuten.co.jp/octopus-garden/melon8_61/,https://www.rakuten.co.jp/octopus-garden/,1
210254,fabrics2004:10019137,【ブロード】★10cm単位続けてカット★アンパンマン　ドットとおやつ　2022　【あんぱんまん バイキンマン ドキンちゃん 食パンマン カレーパンマン メロンパンナちゃん 】,187,入園 通園 入学 通学 生地 布 キャラクター 薄手,,0.0,0,fabrics2004,ハンドメイドのお店ファブリックス,https://item.rakuten.co.jp/fabrics2004/b2130-23/,https://www.rakuten.co.jp/fabrics2004/,1
112197,surugaya-a-too:265345992,【中古】アニメ系トレカ/ノーマル/それいけ!アンパンマン アンカード 3弾 16[ノーマル]：メロンパンナちゃん,190,　,発売日 2019/11/01 メーカー バンプレスト 型番 - 備考 レア度：ノーマルそれいけ!アンパンマン アンカード 3弾 関連商品はこちらから バンプレスト　,0.0,0,surugaya-a-too,ネットショップ駿河屋　楽天市場店,https://item.rakuten.co.jp/surugaya-a-too/121990204-1/,https://www.rakuten.co.jp/surugaya-a-too/,1
214290,auc-gourmand:10000021,メロンパン,190,お子様から、ご年配の方まで、人気の一品,内容量 60グラム(焼き上がり状況によって重量は前後する場合があります) 賞味期限 製造日＋3日 保存方法 保存状態によっては賞味期限内であってもカビが発生する可能性がございますので、商品到着後すぐに食べられない時は冷蔵保存し、なるべく一週間以内にお召し上がりください。 原材料 小麦粉、自家製酵母、砂糖、卵、発酵バター、マーガリン、脱脂粉乳、塩、ベーキングパウダー、グラニュー糖、セミドライイースト 商品説明 大人気商品！いままでメロンパンはあまり好きではないお客さまからもグールマンのメロンパンはシンプルで美味しい、と言っていただいております。 アレルギー 小麦粉、卵、乳製品(27品目表示)サクサク！もっちりメロンパン！,4.67,46,auc-gourmand,ブーランジェリーグールマン,https://item.rakuten.co.jp/auc-gourmand/b007/,https://www.rakuten.co.jp/auc-gourmand/,1
406864,surugaya-a-too:264617647,【中古】ジーククローネ/C/スキル/-/スターターデッキ「悪魔のリドル」 RD-ST016[C]：学園名物 ぷちメロンパン,190,　,発売日 2014/09/25 メーカー GREE 型番 - 備考 分類：スキル/レア度：C分類：スキル/レア度：C 関連商品はこちらから GREE　,0.0,0,surugaya-a-too,ネットショップ駿河屋　楽天市場店,https://item.rakuten.co.jp/surugaya-a-too/19468126-1/,https://www.rakuten.co.jp/surugaya-a-too/,1
112197,surugaya-a-too:265679236,【中古】アニメ系トレカ/ノーマル/それいけ!アンパンマン アンカード 2弾 8[ノーマル]：メロンパンナ,190,　,発売日 2010/01/01 メーカー バンプレスト 型番 - 備考 レア度：ノーマルそれいけ!アンパンマン アンカード 2弾 関連商品はこちらから バンプレスト　,0.0,0,surugaya-a-too,ネットショップ駿河屋　楽天市場店,https://item.rakuten.co.jp/surugaya-a-too/121990171-1/,https://www.rakuten.co.jp/surugaya-a-too/,1
112197,surugaya-a-too:265148397,【中古】スナックワールド トレパカード/PR/スペシャルカード/拡張パック 第2弾 [TP-02] TP-02-049[PR]：王国限定メロンパンクッキー,190,　,発売日 2017/10/21 メーカー タカラトミー 型番 - 備考 分類：スペシャルカード/レア度：PR分類：スペシャルカード/レア度：PR 関連商品はこちらから タカラトミー　,0.0,0,surugaya-a-too,ネットショップ駿河屋　楽天市場店,https://item.rakuten.co.jp/surugaya-a-too/50946304-1/,https://www.rakuten.co.jp/surugaya-a-too/,1
401740,schooltown:10002213,それいけ！アンパンマン たのしいえんぴつキャップ 5本組(しょくぱんまん/メロンパンナちゃん/アンパンマン/ばいきんまん/ドキンちゃん) マイファーストセイカ サンスター文具 0510010A,190,"【税込3,980円以上お買い上げで送料無料】",アンパンマンの鉛筆キャップ すべて柄違いの6本組,0.0,0,schooltown,スクールTown,https://item.rakuten.co.jp/schooltown/zka0510010aba/,https://www.rakuten.co.jp/schooltown/,1
406864,surugaya-a-too:264680254,【中古】ジーククローネ/C/スキル/白/ブースターパック「悪魔のリドル」 RD-075[C]：学園名物 ぷちメロンパン,190,　,発売日 2014/09/25 メーカー GREE 型番 - 備考 分類：スキル/レア度：C分類：スキル/レア度：C 関連商品はこちらから GREE　,0.0,0,surugaya-a-too,ネットショップ駿河屋　楽天市場店,https://item.rakuten.co.jp/surugaya-a-too/19468960-1/,https://www.rakuten.co.jp/surugaya-a-too/,1
112197,surugaya-a-too:264350674,【中古】アニメ系トレカ/ノーマル/それいけ!アンパンマン アンカード 3弾 4[ノーマル]：メロンパンナちゃん,190,　,発売日 2019/11/01 メーカー バンプレスト 型番 - 備考 レア度：ノーマルそれいけ!アンパンマン アンカード 3弾 関連商品はこちらから バンプレスト　,0.0,0,surugaya-a-too,ネットショップ駿河屋　楽天市場店,https://item.rakuten.co.jp/surugaya-a-too/121990188-1/,https://www.rakuten.co.jp/surugaya-a-too/,1
112197,surugaya-a-too:264635857,【中古】アニメ系トレカ/C/緑/プロジェクトレヴォリューション メディアワークス1.1 MW02079[C]：メロンパン,190,　,発売日 2008/07/19 メーカー ブロッコリー 型番 - 備考 分類：緑/レア度：Cプロジェクトレヴォリューション メディアワークス1.1 関連商品はこちらから ブロッコリー　,0.0,0,surugaya-a-too,ネットショップ駿河屋　楽天市場店,https://item.rakuten.co.jp/surugaya-a-too/96123731-1/,https://www.rakuten.co.jp/surugaya-a-too/,1
112197,surugaya-a-too:264810254,【中古】アニメ系トレカ/C/緑/プロジェクトレヴォリューション メディアワークス1.0 MW02079[C]：メロンパン,190,　,発売日 2007/06/30 メーカー ブロッコリー 型番 - 備考 分類：緑/レア度：Cプロジェクトレヴォリューション メディアワークス1.0 関連商品はこちらから ブロッコリー　,0.0,0,surugaya-a-too,ネットショップ駿河屋　楽天市場店,https://item.rakuten.co.jp/surugaya-a-too/96123728-1/,https://www.rakuten.co.jp/surugaya-a-too/,1
406864,surugaya-a-too:265379774,【中古】ポケモンカードゲーム/P/闘/ポケモンパン「ミニメロンパン」「ミニたまごパン」付属 260/XY-P[P]：ヤンチャム【ポケモンパンロゴ入り】,190,　,発売日 2016/09/01 メーカー ポケモン 型番 - 備考 分類：闘/レア度：Pこちらの商品は、トレカ（シングル）のみとなります。予めご了承下さい。 関連商品はこちらから ポケモン　,0.0,0,surugaya-a-too,ネットショップ駿河屋　楽天市場店,https://item.rakuten.co.jp/surugaya-a-too/42201269-1/,https://www.rakuten.co.jp/surugaya-a-too/,1
406864,surugaya-a-too:265797218,【中古】ヴァイスシュヴァルツ/TD/イベント/トライアルデッキ 電撃文庫 ヴァイスサイド Gss/WS02-T09[TD]：カリカリモフモフメロンパン,190,　,発売日 2023/09/01 メーカー ブシロード 型番 - 備考 分類：イベント/レア度：TD 関連商品はこちらから ブシロード　,0.0,0,surugaya-a-too,ネットショップ駿河屋　楽天市場店,https://item.rakuten.co.jp/surugaya-a-too/127696956-1/,https://www.rakuten.co.jp/surugaya-a-too/,1
112197,surugaya-a-too:265494101,【中古】アニメ系トレカ/ノーマル/それいけ!アンパンマン アンカード 3弾 8[ノーマル]：クリームパンダ＆メロンパンナちゃん,190,　,発売日 2019/11/01 メーカー バンプレスト 型番 - 備考 レア度：ノーマルそれいけ!アンパンマン アンカード 3弾 関連商品はこちらから バンプレスト　,0.0,0,surugaya-a-too,ネットショップ駿河屋　楽天市場店,https://item.rakuten.co.jp/surugaya-a-too/121990191-1/,https://www.rakuten.co.jp/surugaya-a-too/,1
112197,surugaya-a-too:265853036,【中古】アニメ系トレカ/ノーマル/それいけ!アンパンマン アンカード 2弾 12[ノーマル]：メロンパンナ,190,　,発売日 2010/01/01 メーカー バンプレスト 型番 - 備考 レア度：ノーマルそれいけ!アンパンマン アンカード 2弾 関連商品はこちらから バンプレスト　,0.0,0,surugaya-a-too,ネットショップ駿河屋　楽天市場店,https://item.rakuten.co.jp/surugaya-a-too/121990172-1/,https://www.rakuten.co.jp/surugaya-a-too/,1
112197,surugaya-a-too:264821724,【中古】アニメ系トレカ/ノーマル/それいけ!アンパンマン アンカード 2弾 4[ノーマル]：メロンパンナ,190,　,発売日 2010/01/01 メーカー バンプレスト 型番 - 備考 レア度：ノーマルそれいけ!アンパンマン アンカード 2弾 関連商品はこちらから バンプレスト　,0.0,0,surugaya-a-too,ネットショップ駿河屋　楽天市場店,https://item.rakuten.co.jp/surugaya-a-too/121990167-1/,https://www.rakuten.co.jp/surugaya-a-too/,1
406864,surugaya-a-too:265681085,【中古】ヴァイスシュヴァルツ/N/キャラ/プレミアムブースター 灼眼のシャナ SS/WE41-23[N]：無類のメロンパン好き シャナ,190,　,発売日 2023/10/20 メーカー ブシロード 型番 - 備考 分類：キャラ/レア度：N 関連商品はこちらから ブシロード　,0.0,0,surugaya-a-too,ネットショップ駿河屋　楽天市場店,https://item.rakuten.co.jp/surugaya-a-too/128303281-1/,https://www.rakuten.co.jp/surugaya-a-too/,1
213925,aoi-depart:10329965,【おえかきさん】ミニタオル4【めろんぱん】【コンビニ】【部活動】【たおる】【ハンドタオル】【ハンカチ】【子供】【キッズ】【雑貨】【グッズ】【かわいい】,193,【おえかきさん】ミニタオル4【めろんぱん】【コンビニ】【部活動】【たおる】【ハンドタオル】【ハンカチ】【子供】【キッズ】【雑貨】【グッズ】【かわいい】,■サイズ・仕様■ ◆セット内容：ミニタオル ■当商品について■ ＊在庫状況により入荷待ち ・欠品になる場合がございます。 予めご了承下さいますようお願いいたします。■サイズ・仕様■ ◆セット内容：ミニタオル ■当商品について■ ＊在庫状況により入荷待ち ・欠品になる場合がございます。 予めご了承下さいますようお願いいたします。,0.0,0,aoi-depart,AOIデパート,https://item.rakuten.co.jp/aoi-depart/218zak115m/,https://www.rakuten.co.jp/aoi-depart/,1
501192,applique:10001355,刺繍ワッペン まちのパン屋さん ベーカリー クロワッサン 食パン メロンパン チョココロネ パンケーキ マスク アップリケ アイロン接着,198,クロワッサンにバゲットに食パンなどの定番のパンをモチーフにした総刺繍ワッペン。お手頃なサイズ感でいろんな場所で活躍間違いなし★,MEMO クロワッサンにバゲットに食パンなどの定番のパンをモチーフにした総刺繍ワッペン。 お手頃なサイズ感でいろんな場所で活躍間違いなし★ 裏面はアイロン接着対応なので、貼り付けも簡単！ ※こちらは2個セットでの単価となります。 商品詳細 サイズ （縦／横の順） クロワッサン（1.2cm／2.5cm） バゲット（3.3cm／1.2cm） 食パン（目玉焼き）（2.4cm／2.1cm） 食パン（一斤）（2cm／2.3cm） メロンパン（1.8cm／2cm） チョココロネ（1.8cm／2.4cm） パンケーキ（ホイップ）（1.8cm／1.9cm） パンケーキ（バター）（1.9cm／1.9cm） ※実物での計測となりますので多少の誤差はご了承ください 素材 （基布）ポリエステル （上糸）レーヨン100％ （下糸）ポリエステル100％ 裏面 アイロン接着[EVA樹脂] 生産国 日本製 取扱い注意 ※あて布を当ててアイロン接着することをお勧めします。 ※アイロンをお使いの際は長時間あてないようにご注意ください。 ※高温に弱い生地や薄手の生地・防水加工などの特殊な加工を施してある生地には使用しないでください。 ※洗濯回数が多いものや、毛羽立った生地や、伸縮性のあるタイツやレギンスなど、素材によっては剥がれやすい場合もあります。 ※ドライクリーニングや塩素系漂白剤のご使用は避けてください。 ※お洗濯の際は、手洗い、またはネットのご使用を推奨しております。 ※尚、すべてのワッペンは、縫いつけてご使用いただく事をお勧めいたします。 納期 通常は、ご注文後2〜3営業日以内の発送になります。 ・一度に複数個ご注文頂く場合、表記よりも発送までにお日にちを頂く場合がございます。 ・繁忙期(1月〜4月)は、例年で商品発送までに1週間ほどお時間を頂いております。 上記の場合で納期にご希望がある方は当店までお問い合わせください。 ※画像の色はなるべく実物に近づけるよう努力をしておりますが、モニタの環境などにより、若干色味が異なる場合がございます。予めご了承ください。,4.85,20,applique,おともだちの広場,https://item.rakuten.co.jp/applique/wp-pan/,https://www.rakuten.co.jp/applique/,1
210254,fabrics2004:10019846,【綿麻キャンバス】★10cm単位続けてカット★アンパンマン　縫い代付きカラフルマスコット柄＆単色スタンプ柄　2023　【ドキンちゃん コキンちゃん メロンパンナちゃん 】,198,入園 通園 入学 通学 生地 布 キャラクター,,0.0,0,fabrics2004,ハンドメイドのお店ファブリックス,https://item.rakuten.co.jp/fabrics2004/l2170-17/,https://www.rakuten.co.jp/fabrics2004/,1
553785,auc-toysanta:10223549,プロペラくるくるアンパンマン！2 [4.メロンパンナちゃん]【 ネコポス不可 】[sale211004],199,バンダイ/ガチャガチャ【単品】,"●この商品のラインナップを全て見る ▼この商品は【メロンパンナちゃん】のみです。 持ち手のレバーを引くとプロペラが回る＆アンパンマンたちが上下にひょこひょこ動くよ♪ 全種ボールチェーン付き！ 英語名：Propeller Round and round Anpanman Part.2 BANDAI Capsule Toy このシリーズには5種類のラインナップがあります。 お届け商品は、商品名及び画像のものになります。 ・アンパンマン ・ばいきんまん ・ドキンちゃん ・メロンパンナちゃん ・カレーパンマン キャラクター：アンパンマン サイズ：全長約77mm 材質：ABS,POM,EVA 商品状態：新品・カプセル付属・ミニブック付属・内袋は未開封 ■36149 ■メーカー：バンダイ ■分類：ガチャガチャ ■code：20210721 ■JAN：4549660660552 ラッピング（プレゼント包装）についてはコチラ 関連アイテムをキーワードで検索！(C)やなせたかし/フレーベル館・TMS・NTV 備考 ブラインドボックス※1の商品は内容物確認のため、箱の底を開封しておりますが、中袋は未開封です。発送時には商品の入っていた箱はお付けいたします。 ガチャガチャ（ガシャポン）のカプセルフィギュアは、カプセルを取り除き、小袋に商品を入れなおしてお届けいたします。ミニブックは付属いたします。 いずれの商品も新品、未組み立て、中袋未開封となっております。 また、食玩（食品玩具）に付属しているラムネ、ガム、チョコレートなどは賞味期限の関係でお付けしておりません。 ※1　外からでは何が入っているかわからない仕様の物",0.0,0,auc-toysanta,トイサンタ楽天市場店,https://item.rakuten.co.jp/auc-toysanta/g-4ild000rw5-004/,https://www.rakuten.co.jp/auc-toysanta/,1
210830,bookguard1:14226356,【中古】デモンズ・クラッシュ!—魔王と勇者とメロンパン (角川スニーカー文庫) あおしま たかし; TOMA「1000円ポッキリ」「送料無料」「買い回り」,199,,,0.0,0,bookguard1,ニッポンシザイ,https://item.rakuten.co.jp/bookguard1/9784044282011_02_4044282013/,https://www.rakuten.co.jp/bookguard1/,1
301748,schooltown:10001497,【マスクケース】【マルチファイル】サンスター文具 クリアファイルスリム アンパンマン 5780010Aメロンパンナちゃん あかちゃんまん,200,"【税込3,980円以上お買い上げで送料無料】",マスクを清潔に保管しておきたい方に。 A4用紙を3つ折りにするとすっぽり入るクリアファイル ベロ付きなので抜け落ちる心配もなし 本体サイズ：W108×H220×D0.8mm 本体重量：8.5g 本体材質：PP 日本製（Made in Japan）アンパンマンとなかまたちの小さ目クリアファイルA4用紙を3つ折りにしてすっぽり入るベロ付きなので中身が落ちず持ち歩きに便利マスクの一時保管や携帯にも使えます本体サイズ：W108×H220×D0.8mm本体重量：8.5g本体材質：PP日本製（Made in Japan）,0.0,0,schooltown,スクールTown,https://item.rakuten.co.jp/schooltown/zka5780010ase/,https://www.rakuten.co.jp/schooltown/,1
203229,kurinomi:10000672,【店内最大50％OFF＋ポイント33倍】 サクサクメロンビス 5枚入り 製菓材料 製パン材料 お菓子材料 お菓子レシピ 業務用,202,ご存じのようにメロンパンというのは2つの生地から出来ています。 ひとつは普通の菓子パン生地…もう一つは上にかぶせてあるビスケット生地です。,※この商品はクール便でのお届けとなります。 ラクラクメロンビスチョコはこちら サクサクメロンビスはこちら なめらかメロンビスはこちら 冠1kgはこちら / バター食塩不使用はこちら / グラニュウ糖はこちら / スキムミルクはこちら / 食塩はこちら / ドライイーストはこちら /やって来ましたメロンパン〜♪ ご存じのようにメロンパンというのは 2つの生地から出来ています。 ひとつは普通の菓子パン生地…もう一つは上にかぶせてあるビスケット生地です。 このビス生地をかぶせる事によってメロンパン特有のサクサク感を出す事が出来ているわけです・・・・・が しかし、このビス生地を作るのはなかなか面倒なものです。 そこで、出来上がった「ビス生地」を冷凍した状態でお届するのが、この 「ビスキー」です。 味にも変化を付けて、色んなビス生地をご用意しました！ 様々な種類のメロンパンをお楽しみください。 作り方はこちら 　↓　↓　↓ まずは生地を作ります。（ホームベーカリー使用） ★配合★ ●冠（強力粉）250g●バター（食塩不使用）12g●グラニュウ糖20g ●スキムミルク7g●塩4g●ドライイースト4g●水180g 出来上がった生地をのばしながらガス抜きし、分割します。 分割した生地を成型します。（なるべくきれいな丸型に） 成型した生地の上に「凍ったままのビス生地」を乗せ、 45℃で60分ほどホイロに入れます。 ※（ホイロで解凍されたビス生地は、自然に菓子パン生地にかぶります） ホイロで膨らんだ生地を、190℃に予熱したオーブンで 8〜10分ほど焼いて 出来上がり。 ※焼き時間と温度は、オーブンにより調整してください。,4.55,11,kurinomi,curinomi -栗の実-,https://item.rakuten.co.jp/kurinomi/683/,https://www.rakuten.co.jp/kurinomi/,1
565609,octopus-garden:10005122,チェコビーズ * メロンビーズ ラウンド * 8mm * クリスタル イエローゴールド *12個入り 【 チェコ ビーズ アクセサリー パーツ 材料 メロンラウンド メロン パンプキン ラウンドビーズ ピアス 素材 ハンドクラフト 8ミリ 】,209,【 チェコ ビーズ アクセサリー パーツ 材料 メロンラウンド メロン パンプキン ラウンドビーズ ピアス 素材 ハンドクラフト 8ミリ 】,素材 ガラス サイズ 約8mm 入り数 12個 注意 お客様がお使いのパソコンモニターによって 色の見え方に違いが生じる場合がございます。 また、カラー名が同じであっても、入荷時期や種類の違いによって形・大きさ・色に 違いが出る事がございます。 あらかじめご了承下さい。,0.0,0,octopus-garden,ビーズショップオクトパスガーデン,https://item.rakuten.co.jp/octopus-garden/melon8_07/,https://www.rakuten.co.jp/octopus-garden/,1
565609,octopus-garden:10004276,チェコビーズ * メロンビーズ ラウンド * 8mm *マット メタリック ブロンズ アイリス *12個入り 【 チェコ ビーズ アクセサリー パーツ 材料 メロンラウンド メロン パンプキン ラウンドビーズ ピアス 素材 ハンドクラフト 8ミリ 】,209,【 チェコ ビーズ アクセサリー パーツ 材料 メロンラウンド メロン パンプキン ラウンドビーズ ピアス 素材 ハンドクラフト 8ミリ 】,素材 ガラス サイズ 約8mm 入り数 12個 注意 お客様がお使いのパソコンモニターによって 色の見え方に違いが生じる場合がございます。 また、カラー名が同じであっても、入荷時期や種類の違いによって形・大きさ・色に 違いが出る事がございます。 あらかじめご了承下さい。,0.0,0,octopus-garden,ビーズショップオクトパスガーデン,https://item.rakuten.co.jp/octopus-garden/melon8_76/,https://www.rakuten.co.jp/octopus-garden/,1
565609,octopus-garden:10005123,チェコビーズ * メロンビーズ ラウンド * 8mm * メタリック レッド *12個入り 【 チェコ ビーズ アクセサリー パーツ 材料 メロンラウンド メロン パンプキン ラウンドビーズ ピアス 素材 ハンドクラフト 8ミリ 】,209,【 チェコ ビーズ アクセサリー パーツ 材料 メロンラウンド メロン パンプキン ラウンドビーズ ピアス 素材 ハンドクラフト 8ミリ 】,素材 ガラス サイズ 約8mm 入り数 12個 注意 お客様がお使いのパソコンモニターによって 色の見え方に違いが生じる場合がございます。 また、カラー名が同じであっても、入荷時期や種類の違いによって形・大きさ・色に 違いが出る事がございます。 あらかじめご了承下さい。,0.0,0,octopus-garden,ビーズショップオクトパスガーデン,https://item.rakuten.co.jp/octopus-garden/melon8_05/,https://www.rakuten.co.jp/octopus-garden/,1
565609,octopus-garden:10005121,チェコビーズ * メロンビーズ ラウンド * 8mm * クリスタル ゴールドライン *12個入り 【 チェコ ビーズ アクセサリー パーツ 材料 メロンラウンド メロン パンプキン ラウンドビーズ ピアス 素材 ハンドクラフト 8ミリ 】,209,【 チェコ ビーズ アクセサリー パーツ 材料 メロンラウンド メロン パンプキン ラウンドビーズ ピアス 素材 ハンドクラフト 8ミリ 】,素材 ガラス サイズ 約8mm 入り数 12個 注意 お客様がお使いのパソコンモニターによって 色の見え方に違いが生じる場合がございます。 また、カラー名が同じであっても、入荷時期や種類の違いによって形・大きさ・色に 違いが出る事がございます。 あらかじめご了承下さい。,0.0,0,octopus-garden,ビーズショップオクトパスガーデン,https://item.rakuten.co.jp/octopus-garden/melon8_66/,https://www.rakuten.co.jp/octopus-garden/,1
214290,soyokazepan:10000041,チョコチップメロンパン（1個約70g）,210,,商品名 チョコチップメロンパン 名称 菓子パン 原材料名 小麦粉、チョコチップ、砂糖、卵、バター、脱脂粉乳、塩、イースト 内容量 1個(約70g焼成後) 賞味期限 冷凍保存　1ヶ月解凍後は、その日のうちにお召し上がりください。 栄養成分表示（1個当たり） 熱　量・・・270kcal たんぱく質・・・5.3g 脂　質・・・8.0g 炭水化物・・・42.9g ナトリウム116.8mg（食塩相当量・・・0.3g）※原材料メーカーより提供された情報に基づく計算値 保存方法 冷凍庫で保存してください。オーブンで数分加熱すると美味しくお召し上がり頂けます。 製造者 社会福祉法人恵風会（手づくりパン工房そよ風）長崎県長崎市平山町463-1 配送方法 クロネコヤマト冷凍便※コンビニ受け取りは出来ません。手づくりビス生地にチョコチップを贅沢に使用 チョコチップメロンパン チョコチップがたくさん入ってる！ ちょっぴり変わった感じのメロンパンに仕上がりました。,4.31,16,soyokazepan,手づくりパン工房そよ風,https://item.rakuten.co.jp/soyokazepan/chocotip-meronpan/,https://www.rakuten.co.jp/soyokazepan/,1
203063,booksupply:11878008,【中古】メロンパン日和 (ディアプラス文庫),210,,◇◆主にゆうメールによるポスト投函、サイズにより宅配便になります。◆梱包：完全密封のビニール包装または専用包装でお届けいたします。◆帯や封入物、及び各種コード等の特典は無い場合もございます◆◇【21478】全商品、送料無料！,0.0,0,booksupply,ブックサプライ,https://item.rakuten.co.jp/booksupply/r35-2103-009402/,https://www.rakuten.co.jp/booksupply/,0
112114,happybell-petshop:10034006,【ハッピーベル】メロンパン 55g【賞味期限：20250411】,212,「コックさんがワンちゃんのために焼いたコックパン」シリーズの新商品です。,小麦粉（国内製造）、糖類（砂糖、ブドウ糖、イソマルトオリゴ糖シロップ）、植物油脂（ショートニング、なたね油、大豆油）、パン酵母、脱脂粉乳、メロン果汁加工品（果糖ブドウ糖液糖、メロン濃縮果汁）、でん粉（小麦を含む）／加工でん粉、香料、着色料（食用青色1号、紅花黄、クチナシ）、酸味料スナックとして与えてください。本品は主食ではありません。必ずペットフードとあわせて与えてください。粗タンパク質：8．7％以上、粗脂肪：6．4％以上、粗繊維：2．7％以下、粗灰分：0．5％以下、水分：17．8％以下、エネルギー（100gあたり）：359kcal日本,0.0,0,happybell-petshop,ハッピーベル　楽天市場店,https://item.rakuten.co.jp/happybell-petshop/4523294009079/,https://www.rakuten.co.jp/happybell-petshop/,1
215337,ecjoy:85028941,サンメイト メロンパン55g,215,　,&nbsp;メーカー&nbsp;サンメイト&nbsp;商品カテゴリ&nbsp;犬用おもちゃ＞ボール&nbsp;発送目安&nbsp;1日〜2日以内に発送予定（土日祝除）&nbsp;お支払方法&nbsp;銀行振込・クレジットカード&nbsp;送料&nbsp;送料 小型(60)&nbsp;特記事項&nbsp;&nbsp;その他&nbsp;,0.0,0,ecjoy,ECJOY！楽天市場店,https://item.rakuten.co.jp/ecjoy/8578860/,https://www.rakuten.co.jp/ecjoy/,1
209031,renet20:10448517,【中古】タマラセ−鉄仮面はメロンパンを夢見る− / 六塚光,218,【送料無料】,&nbsp;&nbsp;&nbsp; タマラセ−鉄仮面はメロンパンを夢見る− 文庫 の詳細 出版社: 角川書店 レーベル: 角川文庫 作者: 六塚光 カナ: タマラセテッカメンワメロンパンオユメミル / ムツヅカアキラ サイズ: 文庫 ISBN: 4044707049 発売日: 2005/10/01 関連商品リンク : 六塚光 角川書店 角川文庫,0.0,0,renet20,ネットオフ 送料がお得店,https://item.rakuten.co.jp/renet20/r0010167622/,https://www.rakuten.co.jp/renet20/,0
407312,mixnuts:10029949,メロンパンアクリルパーツ 1個販売 DIY アクリル クラフトパーツ 面白い おもしろい プラスティック リアル 食品サンプル 手作り 部品 ハンドメイド 3D 立体 ユニーク ピアス イヤリング スマホ デコレーション ネイル 爪 メンズ レディース プレゼント オリジナル,220,[パン おやつ パン屋さん パン作り 流行 人気 おしゃれ],食玩をモチーフにしたアクリルのDIYパーツです。細部にいたるまで細やかに作られたデザインがユニーク。別売りのステンレスパーツでピアスやネックレスなど色々なアクセサリーを作れる。もちろんアクセサリーを作る以外にも色々デコレーションできるパーツです。※注意※手作りのため、画像と色合いが多少異なる場合がございます。また、多少色がはみ出している場合がございます。ご了承下さい。 スペック大きさ：約12mmx12mmx7.0mm素材アクリル備考・表示は1個の価格です。・ハンドメイドの為多少サイズは異なります。,0.0,0,mixnuts,ピアス専門ショップGreen Piercing,https://item.rakuten.co.jp/mixnuts/stp00-00046xx/,https://www.rakuten.co.jp/mixnuts/,1
101873,office31:10028970,＼200円オフクーポン配布中！／ダイカットメモ　メロンパンナちゃん　それいけ！アンパンマン　＜メロンパンナ・ロールパンナ・クリームパンダ＞　6830009D 【メモ帳／付箋／大人向け／文具／文房具／ステーショナリー】【メール便対応】【サンスター文具】,220,★アルバムのお店オフィス31★6830009D,アンパンマン ばいきんまん ドキンちゃん メロンパンナ・ロールパンナ・クリームパンダ アンパンマン・とび ばいきんまん・だだんだん コキンちゃん 集合柄 商品名ダイカットメモ　メロンパンナちゃん　それいけ！アンパンマン　＜メロンパンナちゃん＞ 商品番号6830009D カラーメロンパンナ・ロールパンナ・クリームパンダ 仕様本体サイズ：約縦123×横100×背幅7mm 仕様：中台紙両面印刷、ダイカット加工本体材質：紙内容：本文60ページ JANコード4901771302958メロンパンナちゃん達の型に切り抜かれたかわいいメモ帳です。 みんな大好き！アンパンマンシリーズのダイカットメモです。裏表で違う絵柄が印刷されているので、その時の気分で楽しめます。ちょっとしたメッセージや伝言などをかわいく伝えてくれます。,0.0,0,office31,アルバムとママ雑貨の店オフィス31,https://item.rakuten.co.jp/office31/85000027/,https://www.rakuten.co.jp/office31/,1
562991,bunguo-no-osk:10009872,アンパンマン なまえシール 名前シール 知育 知育玩具 園児 幼児 ドキンちゃん バイキンマン メロンパンナ コキンちゃん カレーパンマン しょくぱんまん 【05P03Dec16】【メール便可】 [M便 1/30],220,子どもに大人気のアンパンマンのなまえシール！汚れや水に強い！,30 詳細 サイズ 本体サイズ：W120×H160×D1mm パッケージ入サイズ：W125×H180×D1mm 重量 本体重量：4g パッケージ入重量：10g 材質 本体：合成紙・PP・PET 特徴 子どもに大人気のアンパンマンのなまえシール！ 透明シートで文字を保護！汚れや水に強い！ 安心の日本製。 関連商品 アンパンマン 発送日 1〜3営業日以内に発送予定(土日祝除) ※店舗品切の場合はメールにてご連絡いたします 配送方法 メール便対応商品です【30商品まで】　 * 同梱商品として人気です *,0.0,0,bunguo-no-osk,文具王のOSK,https://item.rakuten.co.jp/bunguo-no-osk/2210010f/,https://www.rakuten.co.jp/bunguo-no-osk/,1
565609,octopus-garden:10004677,チェコビーズ * メロンビーズ ラウンド * 8mm * シャムルビー ブロンズ ベガ *12個入り 【 チェコ ビーズ アクセサリー パーツ 材料 メロンラウンド メロン パンプキン ラウンドビーズ ピアス 素材 ハンドクラフト 8ミリ 】,220,【 チェコ ビーズ アクセサリー パーツ 材料 メロンラウンド メロン パンプキン ラウンドビーズ ピアス 素材 ハンドクラフト 8ミリ 】,素材 ガラス サイズ 約8mm 入り数 12個 注意 お客様がお使いのパソコンモニターによって 色の見え方に違いが生じる場合がございます。 また、カラー名が同じであっても、入荷時期や種類の違いによって形・大きさ・色に 違いが出る事がございます。 あらかじめご了承下さい。,0.0,0,octopus-garden,ビーズショップオクトパスガーデン,https://item.rakuten.co.jp/octopus-garden/melon8_60/,https://www.rakuten.co.jp/octopus-garden/,1
200486,bookoffonline:14965061,【中古】 サンドシナイッチ “サンドしない”が新しい！ タツミムック／めろんぱんママ,220,,めろんぱんママ販売会社/発売会社：辰巳出版発売年月日：2016/11/01JAN：9784777817924,0.0,0,bookoffonline,ブックオフ 楽天市場店,https://item.rakuten.co.jp/bookoffonline/0018793780/,https://www.rakuten.co.jp/bookoffonline/,1
400041,youing-gaba-02:10395210,【バーゲンセール】【中古】DVD▼それいけ!アンパンマン サンタになったちびおおかみくん レンタル落ち,224,・アンパンマン・ばいきんまん・ジャムおじさん初代・バタコ・チーズ／ジャムおじさん2代目・ドキンちゃん・しょくパンマン・カレーパンマン・メロンパンナ,&nbsp;JAN&nbsp;4988021233538&nbsp;品　番&nbsp;VPBE23353&nbsp;出　演&nbsp;アンパンマン(戸田恵子)／ばいきんまん(中尾隆聖)／ジャムおじさん初代(増岡弘)／バタコ(佐久間レイ)／チーズ／ジャムおじさん2代目(山寺宏一)／ドキンちゃん(鶴ひろみ)／しょくパンマン(島本須美)／カレーパンマン(柳沢三千代)／メロンパンナ(かないみか)&nbsp;原　作&nbsp;やなせたかし&nbsp;監　督&nbsp;永丘昭典&nbsp;制作年、時間&nbsp;2019年&nbsp;24分&nbsp;製作国&nbsp;日本&nbsp;メーカー等&nbsp;バップ&nbsp;ジャンル&nbsp;アニメ／TVアニメ／アドベンチャー／ファンタジー／キャラクター／キッズ&nbsp;カテゴリー&nbsp;DVD&nbsp;入荷日&nbsp;【2023-07-27】【あらすじ】満月の夜、オオカミおばけになって暴れてしまったちびおおかみ。雪の中に倒れていたところを、サンタさんとルドルフに助けられたちびおおかみは、サンタさんのお手伝いをすることに。レンタル落ち商品のため、ディスク、ジャケットに管理シールが貼ってあります。,0.0,0,youing-gaba-02,遊ING 時津店,https://item.rakuten.co.jp/youing-gaba-02/275585-162/,https://www.rakuten.co.jp/youing-gaba-02/,1
500171,youing-gaba-02:10395207,【バーゲンセール】【中古】DVD▼それいけ!アンパンマン アンパンマンとはじめてのクリスマスナイト レンタル落ち,224,・アンパンマン・ばいきんまん・ジャムおじさん初代・バタコ・チーズ／ジャムおじさん2代目・ドキンちゃん・しょくパンマン・カレーパンマン・メロンパンナ,&nbsp;JAN&nbsp;4988021232197&nbsp;品　番&nbsp;VPBE23219&nbsp;出　演&nbsp;アンパンマン(戸田恵子)／ばいきんまん(中尾隆聖)／ジャムおじさん初代(増岡弘)／バタコ(佐久間レイ)／チーズ／ジャムおじさん2代目(山寺宏一)／ドキンちゃん(鶴ひろみ)／しょくパンマン(島本須美)／カレーパンマン(柳沢三千代)／メロンパンナ(かないみか)&nbsp;原　作&nbsp;やなせたかし&nbsp;監　督&nbsp;永丘昭典&nbsp;制作年、時間&nbsp;2018年&nbsp;24分&nbsp;製作国&nbsp;日本&nbsp;メーカー等&nbsp;バップ&nbsp;ジャンル&nbsp;アニメ／TVアニメ／ファンタジー／アクション／ヒーロー／キャラクター／キッズ&nbsp;カテゴリー&nbsp;DVD&nbsp;入荷日&nbsp;【2023-07-27】【あらすじ】やなせたかし原作による人気アニメ『それいけ！アンパンマン』の2018年クリスマススペシャル。今日はクリスマス。街を飾り付けして、クリスマスナイトの準備をするアンパンマンたち。そこに、何にでも変身できるけむりいぬがやって来る。レンタル落ち商品のため、ディスク、ジャケットに管理シールが貼ってあります。,0.0,0,youing-gaba-02,遊ING 時津店,https://item.rakuten.co.jp/youing-gaba-02/203246-162/,https://www.rakuten.co.jp/youing-gaba-02/,1
406810,auc-toysanta:10294627,あつまれアンパンマンP80 [2.メロンパンナちゃん]【 ネコポス不可 】【C】,228,バンダイ/食玩【単品】,●この商品のラインナップを全て見る ▼この商品は【メロンパンナちゃん】のみです。 『あつまれアンパンマン』シリーズ第80弾は「ひな祭り」がテーマ！ お内裏様のアンパンマン、おひな様のメロンパンナちゃん、三人官女のドキンちゃん、レアチーズちゃん、コキンちゃんなど思わずひな壇に並べたくなっちゃうなかまたちが全10種♪ キャンディ公式サイトからひな壇データをダウンロードして印刷・組み立てれば、お部屋にかわいく飾れるひな飾りができます☆ 【賞味期限】ラムネ菓子：2024年12月 英語名：Atsumare Anpanman P80 BANDAI Collection Toy このシリーズには10種類のラインナップがあります。 お届け商品は、商品名及び画像のものになります。 1アンパンマン 2.メロンパンナちゃん 3.レアチーズちゃん 4.コキンちゃん 5.ドキンちゃん 6.めいけんチーズ 7.カレーパンマン 8.ばいきんまん 9.しょくぱんまん 10.クリームパンダ キャラクター：アンパンマン サイズ：全高約46-54mm 材質：PVC 商品状態：新品未開封 ■46266 ■メーカー：バンダイ ■分類：食玩 ■code：20240120 ■JAN：4570117911606 ラッピング（プレゼント包装）についてはコチラ 関連アイテムをキーワードで検索！(C)やなせたかし/フレーベル館・TMS・NTV 備考 ブラインドボックス※1の商品は内容物確認のため、箱の底を開封しておりますが、中袋は未開封です。発送時には商品の入っていた箱はお付けいたします。 ガチャガチャ（ガシャポン）のカプセルフィギュアは、カプセルを取り除き、小袋に商品を入れなおしてお届けいたします。ミニブックは付属いたします。 いずれの商品も新品、未組み立て、中袋未開封となっております。 また、食玩（食品玩具）に付属しているラムネ、ガム、チョコレートなどは賞味期限の関係でお付けしておりません。 ※1　外からでは何が入っているかわからない仕様の物,0.0,0,auc-toysanta,トイサンタ楽天市場店,https://item.rakuten.co.jp/auc-toysanta/bs-55a0000zp6-002/,https://www.rakuten.co.jp/auc-toysanta/,1
213925,jumpfamily:10004054,【追跡可能メール便5点まで可】 プチハンドタオル アンパンマン 幼稚園 ミニタオル バイキンマン ドキンちゃん メロンパンナちゃん コキンちゃん あかちゃんマン 子供用タオル ポケットタオル プチタオル 女の子 女児 男児 男の子 814502 814519 814526 7182 7183,228,250 【追跡可能メール便5点まで可】 プチハンドタオル アンパンマン,【追跡可能メール便発送可能商品】 追跡可能メール便発送をご希望の場合は、 注文画面の配送方法で「追跡可能メール便」を選択してください。 【商品の特長】 一般的なミニタオルの半分の大きさだから お子様のポケットや、スモックにもしまいやすく 持ち歩きに便利です。 表裏ともにパイル地ですので 手触りが良く、吸水性も抜群です。 【サイズ】 約 縦20×横10cm 【素材】 綿100% 【生産国】 中国製 【ご確認ください】 パソコンやブラウザなど、閲覧環境によって商品のカラーが 多少実物と異なる場合がございます。予めご了承ください。 NS359プチタオルアンパンマン,4.56,9,jumpfamily,ジャンプファミリー,https://item.rakuten.co.jp/jumpfamily/ht17/,https://www.rakuten.co.jp/jumpfamily/,1
562209,renet20:10464612,【中古】メロンパン日和 / 桜木知沙子 ボーイズラブ小説,229,【送料無料】,&nbsp;&nbsp;&nbsp; メロンパン日和 文庫 の詳細 出版社: 新書館 レーベル: 新書館ディアプラス文庫 作者: 桜木知沙子 カナ: メロンパンビヨリ / サクラギチサコ / BL サイズ: 文庫 ISBN: 4403521479 発売日: 2006/12/09 関連商品リンク : 桜木知沙子 新書館 新書館ディアプラス文庫,0.0,0,renet20,ネットオフ 送料がお得店,https://item.rakuten.co.jp/renet20/r0010383342/,https://www.rakuten.co.jp/renet20/,0
200486,renet20:11370903,【中古】きょうもメロンパン / ヒヨコ舎,229,【送料無料】,&nbsp;&nbsp;&nbsp; きょうもメロンパン 新書 の詳細 出版社: アスペクト レーベル: 作者: ヒヨコ舎 カナ: キョウモメロンパン / ヒヨコシャ サイズ: 新書 ISBN: 9784757216778 発売日: 2009/06/01 関連商品リンク : ヒヨコ舎 アスペクト,0.0,0,renet20,ネットオフ 送料がお得店,https://item.rakuten.co.jp/renet20/r0010889030/,https://www.rakuten.co.jp/renet20/,0
208876,renet20:10717347,【中古】メロンパンナのはなばたけ / トムス・エンタテインメント,229,【送料無料】,&nbsp;&nbsp;&nbsp; メロンパンナのはなばたけ 単行本 の詳細 出版社: フレーベル館 レーベル: アンパンマンアニメギャラリー 作者: トムス・エンタテインメント カナ: メロンパンナノハナバタケ / トムスエンタテインメント サイズ: 単行本 ISBN: 4577024446 発売日: 2003/11/01 関連商品リンク : トムス・エンタテインメント フレーベル館 アンパンマンアニメギャラリー,0.0,0,renet20,ネットオフ 送料がお得店,https://item.rakuten.co.jp/renet20/r0001426244/,https://www.rakuten.co.jp/renet20/,0
213786,ysshop1010:10000204,人形すくい メロンパンナ　すくい　お祭り　縁日　すくい用品　景品　イベント,235,人形すくい メロンパンナ　すくい　お祭り　縁日　すくい用品　景品　イベント,サイズ：約H40〜50mm,0.0,0,ysshop1010,YSショップ　楽天市場店,https://item.rakuten.co.jp/ysshop1010/dicns59626/,https://www.rakuten.co.jp/ysshop1010/,1
112114,fujix:12041538,サンメイト コックさんがワンちゃんのために焼いたメロンパン 55g 犬用おやつ 【北海道・沖縄・離島配送不可】,236,メーカー：サンメイト,メロン風味の味わい。コックパンメロン味の復刻版。メロンソースを加えメロンの形に焼き上げたパン。【原材料(成分)】小麦粉(国内製造)、糖類(砂糖、ブドウ糖、イソマルトオリゴ糖シロップ)、植物油脂(ショートニング、なたね油、大豆油)、パン酵母、脱脂粉乳、メロン果汁加工品(果糖ブドウ糖液糖、メロン濃縮果汁)、でん粉(小麦を含む)/加工でん粉、香料、着色料(食用青色1号、紅花黄、クチナシ)、酸味料【保証成分】粗タンパク質8.7％以上、粗脂肪6.4％以上、粗繊維2.7％以下、粗灰分0.5％以下、水分17.8％以下【エネルギー】359kcal/100g【給与方法】【1日の給与量目安】幼犬：1〜2個、超小型犬(5kg以下)：1〜4個、小型犬(5〜10kg)：4〜6個、中型犬(10〜20kg)：6〜8個、大型犬(20〜40kg)：8〜12個【賞味／使用期限(未開封)】12ヶ月【原産国または製造地】日本【個装サイズ】230×140×40mm【個装重量】65g【分類】犬用スナック：パン類※商品パッケージのリニューアル等により商品画像とお届け商品のパッケージが異なる場合がございます。予めご了承お願い致します。,0.0,0,fujix,フジックス,https://item.rakuten.co.jp/fujix/p4523294009079/,https://www.rakuten.co.jp/fujix/,1
406864,auc-stepreikodo:10343251,【中古】ヴァイスシュヴァルツ 無類のメロンパン好き シャナ 【SS/WE41-23SHP SHP】 プレミアムブースター 灼眼のシャナ シングルカード,240,,●　商品説明 中古トレーディングカードです。 カードは透明なスリーブに入れております。 ご注文後、商品状態についてお客様に確認が必要と判断した場合、ご連絡させていただく事がございます。 店頭商品になりますので、ご注文いただきました際は早急に手配させていただきますが、 直前で品切れとなる場合もございますので、誠に恐れ入りますが、予めご了承下さい。,0.0,0,auc-stepreikodo,ステップREIKODO,https://item.rakuten.co.jp/auc-stepreikodo/trc-20231019-0049/,https://www.rakuten.co.jp/auc-stepreikodo/,1
213925,akakita:10001366,(メール便対応・・16点まで)アンパンマン ハンカチ キャラクター ベビー男の子 女の子 キッズ 園児 入園,240,バイキンマン メロンパンナちゃん,製品情報 ※(Dアンパンマンかお)はカラーがオレンジからレッドに変わりました。 元々の7柄に1柄（メロンパンナちゃん）が加わりました。 (しばらくの間ドキンちゃんの販売はございません。) 別ページでナフキン（ランチクロス）も販売しています。 サイズ 28×28cm 色・柄 8柄(しばらくの間ドキンちゃんの販売はございません。) 素材 綿100％ 生産国 日本 配送方法 【配送・メール便について】 メール便対応個数・・16枚まで商品画像,5.0,1,akakita,実用衣料のアカキタ,https://item.rakuten.co.jp/akakita/10001366/,https://www.rakuten.co.jp/akakita/,1
112114,pocchi-shop:10192982,コックさんがワンちゃんのために焼いたメロンパン 55g 1商品のみ,241,,他店舗でも併売しているため、一部在庫切れが起きる場合がございます。そのため一部取り寄せとなり、遅延やキャンセルとなる場合がございます。,0.0,0,pocchi-shop,ポッチ,https://item.rakuten.co.jp/pocchi-shop/m-4523294009079/,https://www.rakuten.co.jp/pocchi-shop/,1
214290,paindoudou:10000014,ザクザク メロンパン 菓子 パン 無添加 保存料 不使用 朝食 ランチ ディナー おやつ ギフト プレゼント 手土産 お土産 おいしい おすすめ やわらかい しっとり たべやすい 人気 ランキング 【詰め合わせとセットで送料無料】,250,外はザクザク中はしっとりもちもちです。,商品説明名称パンオショコラ 原材料名小麦粉、発酵バター、牛乳、古生地、砂糖、イースト、脱脂粉乳、塩、チョコレート 内容量（焼成前） 40g賞味期限製造日より3日(常温時）長期保存の場合は冷凍で1ケ月製造日 商品出荷日に製造保存方法 高温多湿を避け冷暗所にて保存長期保存の場合は冷凍で1ケ月製造者パンドゥドゥ楽天市場店広島県呉市本通り送料無料のセット商品に同梱注文して頂くと一個からでも送料無料となります。クロワッサン生地に、フランス産のバトンショコラを巻いて焼いてます。折込み数もクロワッサンと同じく16層で外はサクサク、食べるとビターなチョコの香りと発酵バターの風味が合う一品です。,5.0,1,paindoudou,パンドゥドゥ,https://item.rakuten.co.jp/paindoudou/014/,https://www.rakuten.co.jp/paindoudou/,1
112197,surugaya-a-too:265730613,【中古】コレクションシール/デリシャスパーティ・プリキュアパン メロンパン 23：華満らん＆キュアヤムヤム,250,　,発売日 2022/06/01 メーカー バンダイ 型番 - 関連商品はこちらから バンダイ　,0.0,0,surugaya-a-too,ネットショップ駿河屋　楽天市場店,https://item.rakuten.co.jp/surugaya-a-too/116418814-1/,https://www.rakuten.co.jp/surugaya-a-too/,1
112197,surugaya-a-too:264404953,【中古】コレクションシール/デリシャスパーティ・プリキュアパン メロンパン 19：キュアヤムヤム,250,　,発売日 2022/06/01 メーカー バンダイ 型番 - 関連商品はこちらから バンダイ　,0.0,0,surugaya-a-too,ネットショップ駿河屋　楽天市場店,https://item.rakuten.co.jp/surugaya-a-too/116649653-1/,https://www.rakuten.co.jp/surugaya-a-too/,1
564083,narumism:10000063,【業務用 大量注文可】金賞受賞ベーカリーの特製メロンパン 菓子パン 食品 スイーツ お菓子 冷凍 プチプラ 手土産 景品 粗品 お配り プレゼント 手作り 軽食 夜食 おやつ お取り寄せ,250,行事 イベント 歓迎会 感謝祭 BBQ ママ会 子供会 自治会 ホームパーティー お配り お土産 景品 粗品 プレゼント 食品 パン 菓子パン メロンパン 冷凍 個包装,商品内容メロンパン原材料個別包装に記載特定アレルギーに関する表記小麦・乳製品・卵・牛肉・豚肉（一部に大豆・アーモンドを含む）配達方法 冷凍便賞味期限 発送日を含めて60日（要冷凍） 加工業者 (株)なるみ食品〒458-0008愛知県名古屋市緑区平手北2-1308,5.0,1,narumism,金賞カレーパン専門店　NARUMISM,https://item.rakuten.co.jp/narumism/melon1/,https://www.rakuten.co.jp/narumism/,1
112197,surugaya-a-too:266005146,【中古】コレクションシール/デリシャスパーティ・プリキュアパン メロンパン 13：キュアプレシャス,250,　,発売日 2022/06/01 メーカー バンダイ 型番 - 関連商品はこちらから バンダイ　,0.0,0,surugaya-a-too,ネットショップ駿河屋　楽天市場店,https://item.rakuten.co.jp/surugaya-a-too/116649652-1/,https://www.rakuten.co.jp/surugaya-a-too/,1
400041,king-ya:10383770,【バーゲンセール】【中古】DVD▼【訳あり】それいけ!アンパンマン アンパンマン誕生 ※センターホール割れ レンタル落ち,251,アニメ ・アンパンマン・ばいきんまん・ジャムおじさん初代・バタコ・チーズ／ジャムおじさん2代目・ドキンちゃん・しょくパンマン・カレーパンマン・メロンパンナ,&nbsp;JAN&nbsp;4988021175197&nbsp;品　番&nbsp;VPBE17519WAKE&nbsp;出　演&nbsp;アンパンマン(戸田恵子)／ばいきんまん(中尾隆聖)／ジャムおじさん初代(増岡弘)／バタコ(佐久間レイ)／チーズ／ジャムおじさん2代目(山寺宏一)／ドキンちゃん(鶴ひろみ)／しょくパンマン(島本須美)／カレーパンマン(柳沢三千代)／メロンパンナ(かないみか)&nbsp;原　作&nbsp;やなせたかし&nbsp;監　督&nbsp;永丘昭典&nbsp;制作年、時間&nbsp;2005年&nbsp;91分&nbsp;製作国&nbsp;日本&nbsp;メーカー等&nbsp;バップ&nbsp;ジャンル&nbsp;アニメ／TVアニメ／ファンタジー／キャラクター／ファミリー&nbsp;カテゴリー&nbsp;DVD&nbsp;入荷日&nbsp;【2023-03-24】【あらすじ】アンパンマンの誕生秘話が明かされる「アンパンマン誕生」「アンパンマンとばいきんまん」「アンパンマンとおむすびまん」ほか、全7話を収録。【注意事項】必ずお読みください！※この商品は「訳あり」商品です。※センターホール割れありレンタル落ちの中古品です,0.0,0,king-ya,中古DVDと雑貨のキング屋,https://item.rakuten.co.jp/king-ya/336921-049/,https://www.rakuten.co.jp/king-ya/,1
406864,card-museum:10457200,ヴァイスシュヴァルツ プレミアムブースター 灼眼のシャナ “フレイムヘイズ”シャナ(N) SS/WE41-15 | ヴァイス シュヴァルツ キャラクター 炎 メロンパン,252,ヴァイスシュヴァルツ 灼眼のシャナ SSWE41 box開封済 シングルカード,"★ヴァイスシュヴァルツ プレミアムブースター「灼眼のシャナ」(SSWE41)収録 ●SS/WE41-15 ●カード名：“フレイムヘイズ”シャナ ●カテゴリー：キャラクター ●色：黄 ●レベル：3　コスト：2　トリガー：1 ●パワー：9500　ソウル：2 ●特徴：《炎》・《メロンパン》 ●テキスト 【永】 あなたのターン中、他のあなたの《炎》のキャラ1枚につき、このカードのパワーを＋500。 【自】 このカードが手札から舞台に置かれた時、あなたは自分のクロックの上から1枚を、控え室に置いてよい。 【自】【CXコンボ】［(1) 手札を1枚控え室に置く］ このカードのバトル相手が【リバース】した時、あなたのクライマックス置場に「確かめたい気持ち」があるなら、そのターン中、このカードは赤を得て、あなたはコストを5回まで払う。次の行動をX回行う。『あなたは相手の山札の下から3枚を、控え室に置く。それらのカードにクライマックスがあるなら、相手に1ダメージを与える。』Xはこの能力のコストを払った回数＋1に等しい。（ダメージキャンセルは発生する） ●レアリティ：N★当店のヴァンガードのシングルカードはデッキ,パック開封品です。100円以上または、レア以上のカードはカードプロテクター(スリーブ)にて管理保管されています。",0.0,0,card-museum,カードミュージアム　楽天市場店,https://item.rakuten.co.jp/card-museum/sswe41-15-n/,https://www.rakuten.co.jp/card-museum/,1
406864,card-museum:10457215,ヴァイスシュヴァルツ プレミアムブースター 灼眼のシャナ 無類のメロンパン好き シャナ(SHP) SS/WE41-23SHP | ヴァイス シュヴァルツ キャラクター 炎 メロンパン,252,ヴァイスシュヴァルツ 灼眼のシャナ SSWE41 box開封済 シングルカード,"★ヴァイスシュヴァルツ プレミアムブースター「灼眼のシャナ」(SSWE41)収録 ●SS/WE41-23SHP ●カード名：無類のメロンパン好き シャナ ●カテゴリー：キャラクター ●色：赤 ●レベル：0　コスト：0　トリガー：0 ●パワー：1500　ソウル：1 ●特徴：《炎》・《メロンパン》 ●テキスト 【自】［手札を1枚クロック置場に置く］ このカードが手札から舞台に置かれた時、あなたはコストを払ってよい。そうしたら、あなたは自分の山札を上からX枚まで見て、カードを1枚まで選び、手札に加え、残りのカードを控え室に置く。Xは他のあなたの《炎》のキャラの枚数に等しい。 【自】 相手のクライマックスがクライマックス置場に置かれた時、あなたはこのカードをストック置場に置いてよい。 ●レアリティ：SHP★当店のヴァンガードのシングルカードはデッキ,パック開封品です。100円以上または、レア以上のカードはカードプロテクター(スリーブ)にて管理保管されています。",0.0,0,card-museum,カードミュージアム　楽天市場店,https://item.rakuten.co.jp/card-museum/sswe41-23shp-shp/,https://www.rakuten.co.jp/card-museum/,1
406864,card-museum:10457188,ヴァイスシュヴァルツ プレミアムブースター 灼眼のシャナ 囚われのシャナ(SHP) SS/WE41-07SHP | ヴァイス シュヴァルツ キャラクター 炎 メロンパン,252,ヴァイスシュヴァルツ 灼眼のシャナ SSWE41 box開封済 シングルカード,"★ヴァイスシュヴァルツ プレミアムブースター「灼眼のシャナ」(SSWE41)収録 ●SS/WE41-07SHP ●カード名：囚われのシャナ ●カテゴリー：キャラクター ●色：黄 ●レベル：1　コスト：0　トリガー：1 ●パワー：3500　ソウル：1 ●特徴：《炎》・《メロンパン》 ●テキスト 【自】 このカードがアタックした時、そのターン中、このカードのパワーを＋X。Xは他のあなたの《炎》のキャラの枚数×1000に等しい。 ●レアリティ：SHP★当店のヴァンガードのシングルカードはデッキ,パック開封品です。100円以上または、レア以上のカードはカードプロテクター(スリーブ)にて管理保管されています。",0.0,0,card-museum,カードミュージアム　楽天市場店,https://item.rakuten.co.jp/card-museum/sswe41-07shp-shp/,https://www.rakuten.co.jp/card-museum/,1
406864,card-museum:10457192,ヴァイスシュヴァルツ プレミアムブースター 灼眼のシャナ 不器用なシャナ(SHP) SS/WE41-09SHP | ヴァイス シュヴァルツ キャラクター 炎 メロンパン,252,ヴァイスシュヴァルツ 灼眼のシャナ SSWE41 box開封済 シングルカード,"★ヴァイスシュヴァルツ プレミアムブースター「灼眼のシャナ」(SSWE41)収録 ●SS/WE41-09SHP ●カード名：不器用なシャナ ●カテゴリー：キャラクター ●色：黄 ●レベル：1　コスト：1　トリガー：1 ●パワー：1000　ソウル：1 ●特徴：《炎》・《メロンパン》 ●テキスト 【自】 あなたがこのカードの『助太刀』を使った時、あなたのキャラすべてが《炎》なら、あなたは自分の山札の上から1枚を、ストック置場に置いてよい。 【起】【カウンター】 助太刀2000 レベル1 ［(1) 手札のこのカードを控え室に置く］ （あなたは自分のフロントアタックされているキャラを1枚選び、そのターン中、パワーを＋2000） ●レアリティ：SHP★当店のヴァンガードのシングルカードはデッキ,パック開封品です。100円以上または、レア以上のカードはカードプロテクター(スリーブ)にて管理保管されています。",0.0,0,card-museum,カードミュージアム　楽天市場店,https://item.rakuten.co.jp/card-museum/sswe41-09shp-shp/,https://www.rakuten.co.jp/card-museum/,1
112197,surugaya-a-too:264642527,【中古】アニメ系トレカ/ノーマル/それいけ!アンパンマン アンカード 3弾 11[ノーマル]：メロンパンナちゃん＆ロールパンナ,260,　,発売日 2019/11/01 メーカー バンプレスト 型番 - 備考 レア度：ノーマルそれいけ!アンパンマン アンカード 3弾 関連商品はこちらから バンプレスト　,0.0,0,surugaya-a-too,ネットショップ駿河屋　楽天市場店,https://item.rakuten.co.jp/surugaya-a-too/121990200-1/,https://www.rakuten.co.jp/surugaya-a-too/,1
214290,paindoudou:10000015,ザクザク チョコチップ メロンパン 菓子 パン 無添加 保存料 不使用 朝食 ランチ ディナー おやつ ギフト プレゼント 手土産 お土産 おいしい おすすめ やわらかい しっとり たべやすい 人気 ランキング 【詰め合わせとセットで送料無料】,260,ザクザクメロンパンにチョコチップを練り込んでます。 チョコチップの食感と甘さが増してたまりません！,商品説明名称チョコチップメロンパン 原材料名 生地：小麦粉、砂糖、卵、バター、マーガリン、ショートニング、イースト、塩 ビスケット生地：マーガリン、小麦粉、砂糖、卵、ベーキングパウダー、チョコチップ内容量（焼成前）60g 賞味期限製造日より3日(常温時） 長期保存の場合は冷凍で1ケ月製造日商品出荷日に製造 保存方法高温多湿を避け冷暗所にて保存長期保存の場合は冷凍で1ケ月 製造者パンドゥドゥ楽天市場店広島県呉市本通り送料無料のセット商品に同梱注文して頂くと一個からでも送料無料となります。・ザクザクメロンパンにチョコチップを練り込んでます。チョコチップの食感と甘さが増してたまりません！再度トースターで焼くとザクザク復活です！,5.0,2,paindoudou,パンドゥドゥ,https://item.rakuten.co.jp/paindoudou/015/,https://www.rakuten.co.jp/paindoudou/,1
568681,alphakids:10389164,アンパンマン ダイカットメモ メロンパンナちゃん・ロールパンナ・クリームパンダ 302958 サンスター文具,260,幼児 キッズ 園児 お手紙 お絵描き メモ帳 用紙,商品仕様【サイズ】約W98×H130×D7mm 【素 材】紙 【重 量】約60g 【内 容】本文：60枚 【生産国】日本特記事項※画像はあくまでも商品イメージになります。実際の商品と色や仕様が異なる場合がありますので、予め御了承ください。 ※メーカー希望小売価格はメーカーカタログに基づいて掲載しています。,0.0,0,alphakids,キャラクターハウス　キャロル,https://item.rakuten.co.jp/alphakids/mk126830009d/,https://www.rakuten.co.jp/alphakids/,1
214290,smilespoon:10027509,コモ メロンパン 100g,260,単品販売,●商品特徴【しっとり食感メロンパン】パネトーネ種を使用し、ミルク風味の生地にクリームシートを折り込み、メロン風味のビスケット生地をかぶせ、焼き上げたメロンパンです。　●原材料小麦粉（国内製造）、砂糖、ショートニング、クリームフラワー ペースト、卵、パネトーネ種、マーガリン、ぶどう糖、全粉乳、 脱脂粉乳、野菜だし入り調味料（トマトエキス、ぶどう糖果糖 液糖、食塩、マッシュルームエキス、野菜だし）、デンプン分 解物、食塩、麦芽エキス、酵母　／　加工デンプン、香料、膨 張剤、乳化剤、増粘多糖類、pH調整剤、着色料（紅麹、カロ テン）、(一部に小麦・卵・乳成分・大豆を含む)●保存方法直射日光、高温、多湿を避けて保管してください。●備考直射日光、高温、多湿を避けて保管し、早めにお召し上がりください。●アレルゲン卵 乳 小麦 大豆 ●原産国または製造国日本,0.0,0,smilespoon,Smile Spoon 楽天市場店,https://item.rakuten.co.jp/smilespoon/7131364/,https://www.rakuten.co.jp/smilespoon/,1
200486,renet20:11532886,【中古】メロンパン大集合 / 佐藤律子,261,【送料無料】,&nbsp;&nbsp;&nbsp; メロンパン大集合 単行本 の詳細 出版社: 旭屋出版 レーベル: 旭屋出版MOOK 作者: 佐藤律子 カナ: メロンパンダイシュウゴウ / サトウリツコ サイズ: 単行本 ISBN: 4751104462 発売日: 2004/08/01 関連商品リンク : 佐藤律子 旭屋出版 旭屋出版MOOK,0.0,0,renet20,ネットオフ 送料がお得店,https://item.rakuten.co.jp/renet20/r0001530400/,https://www.rakuten.co.jp/renet20/,0
100874,kanzawa:10038526,【在庫限り】 メロンパンナ ボタン 93205 【RN】3F それいけ！アンパンマン 手芸 キャラクター ぼたん,264,,アンパンマンキャラクターのボタン 在庫限りです。 サイズ約25mm ※この製品を他の商品に取り付けて販売する事は禁じられております。,0.0,0,kanzawa,毛糸蔵かんざわ,https://item.rakuten.co.jp/kanzawa/anpan93205/,https://www.rakuten.co.jp/kanzawa/,1
100874,ky-kanariya:10030968,キャラクターボタン それいけ！アンパンマン 全身 アンパンマン小 メロンパンナ小 縦約16mm（アンパンマン小）日本製,264,,大、小で価格が異なります。 ご注意 :　モニターにより、色の見え方が実際の商品と異なることがございます。 また注文が集中した場合など、発送が遅れたり、店頭販売と在庫が重複しているため在庫切れで販売できなくなる場合がございます。立体的なキャラクターボタンです。持ち物のワンポイントやめじるしにもオススメ♪☆彡 ●色落ち・変形する場合がありますので、お洗濯やアイロンの際は取りはずして下さい。 ●お子様が商品をなめたり、飲んだりしないようにご注意下さい。 ●この製品を他の商品につけて販売する事は固く禁じられています。 品質表示／ABS樹脂 サイズ／（アンパンマン小　縦約16mm×厚み約9mm（裏足を含む）,0.0,0,ky-kanariya,京都カナリヤ手芸店,https://item.rakuten.co.jp/ky-kanariya/10030968/,https://www.rakuten.co.jp/ky-kanariya/,1
214278,aoigangu:10000723,めろんぱんだろーバタークッキー【駄菓子 通販 おやつ 子供会 景品 お祭り くじ引き 縁日】,264,,みんな大好き！めろんぱんだろーバタークッキーです。 かわいいパンダのフェイス型バタークッキーにメロン味が仲間入り！ ※ パッケージは予告なく変更になる場合がございます。あらかじめご了承ください。 ※モニターの発色の具合により、実際の商品と色が異なる場合がございます。 商品詳細 名称 クッキー 販売者 やおきん 東京都墨田区横川5-3-2 内容量 7g×24袋 賞味期限 メーカー製造より約12ヶ月　※実際にお届けする商品は、こちらの賞味期間よりも短くなりますのでご了承下さい。 原材料 小麦粉、砂糖、バター、植物油脂、鶏卵、ミルクパウダー、食塩、香料、着色料(黄4、緑3) 保存方法 直射日光、高温多湿はお避けください。 JANコード 4903013431679,0.0,0,aoigangu,駄菓子・イベント用品　あおい玩具,https://item.rakuten.co.jp/aoigangu/bs024/,https://www.rakuten.co.jp/aoigangu/,1
213926,mm-pop:10345361,ミニタオル おえかきさん ワンポイント刺繍ハンカチタオル めろんぱんさん オクタニ おもしろ雑貨 汗拭きタオル メール便可 マシュマロポップ,269,ミニタオル おえかきさん ワンポイント刺繍ハンカチタオル めろんぱんさん オクタニ おもしろ雑貨 汗拭きタオル メール便可 マシュマロポップ,手触り＆吸水性もバツグンの可愛い汗拭きミニタオル子ども キッズ プレゼント ギフト 贈り物大人気のおえかきさんシリーズグッズにまたまた可愛いnewアイテム登場こちらは定番人気アイテム[ミニタオル]吸水＆肌触り抜群のコットン100％にワンポイント刺繍がかわいい毎日使うものだからお気に入りのかわいいモノ使いたいね可愛いハンカチいろいろあるのでお気に入りを揃えてくださいサイズ：約200x200mm素材：綿カラー/グリーン系（緑）このカテゴリにはこんな商品が含まれています【ハンドタオル】/ハンドタオル/ミニタオル/ハンカチタオル/タオルハンカチ/プチタオル/ウォッシュタオルこれを見た人はこんなキーワードで検索していますミニタオルハンカチタオルタオルハンカチプチタオルミニ タオルコットンタオル綿 タオルキャラクター タオルかわいい タオル生活雑貨,0.0,0,mm-pop,ガールズ雑貨通販マシュマロポップ,https://item.rakuten.co.jp/mm-pop/okt-209555/,https://www.rakuten.co.jp/mm-pop/,1
213925,velkommen:10401627,ワンポイント刺繍ハンカチタオル ミニタオル おえかきさん めろんぱんさん オクタニ おもしろ雑貨 汗拭きタオル メール便可,269,ワンポイント刺繍ハンカチタオル ミニタオル おえかきさん めろんぱんさん オクタニ おもしろ雑貨 汗拭きタオル メール便可,ワンポイント刺繍ハンカチタオル ミニタオル おえかきさん めろんぱんさん オクタニ おもしろ雑貨 汗拭きタオル メール便可生活雑貨 おしゃれ タオル ギフトに 贈り物 プレゼント大人気のおえかきさんシリーズグッズにまたまた可愛いnewアイテム登場こちらは定番人気アイテム[ミニタオル]吸水＆肌触り抜群のコットン100％にワンポイント刺繍がかわいい毎日使うものだからお気に入りのかわいいモノ使いたいね可愛いハンカチいろいろあるのでお気に入りを揃えてくださいサイズ：約200x200mm素材：綿▼0,0.0,0,velkommen,雑貨＆アートの通販店ベルコモン,https://item.rakuten.co.jp/velkommen/okt-209555/,https://www.rakuten.co.jp/velkommen/,1
203054,mm-pop:10133750,ダイカットメモ メロンパンナちゃん ＆ ロールパンナ ＆ クリームパンダ アンパンマン メモ帳 サンスター文具 幼児文具 日本製 ティーンズ ジュニア メール便可 マシュマロポップ,269,【ダイカットメモ】 メロンパンナちゃん＆ロールパンナ＆クリームパンダ アンパンマン メモ帳 サンスター文具 幼児文具 日本製 ティーンズ雑貨通販【あす楽】マシュマ,アニメ放映30周年!親子3世代から愛されるキッズ文具シリーズ保育園 幼稚園 女子向け メモ用紙 子供向け2018年はアニメ放映30周年!!親子3世代、男女問わずに愛される【それいけ！アンパンマン】グッズにまたまた可愛いnewアイテム登場!こちらはとってもかわいい【ダイカットメモ】同柄のダイカットメモが60枚綴りになっています。ほかにもいろいろあるのでお気に入りを揃えてください。■サイズ：約100×120mm（60枚綴り）【Made in Japan】■カラー このカテゴリにはこんな商品が含まれています【メモ帳・メモ用紙】/メモ帳/メモノート/メモ用紙/ノート/ミニノート/小さいノートこれを見た人はこんなキーワードで検索していますメモノートメモ用紙ノートミニノート小さい ノート筆記用具筆記具入学 文具新入学入学準備,0.0,0,mm-pop,ガールズ雑貨通販マシュマロポップ,https://item.rakuten.co.jp/mm-pop/ssb-6830009d/,https://www.rakuten.co.jp/mm-pop/,1
500171,youing-gaba:10575241,【バーゲンセール】【中古】DVD▼それいけ!アンパンマン アンパンマンとはじめてのクリスマスナイト レンタル落ち,269,・アンパンマン・ばいきんまん・ジャムおじさん初代・バタコ・チーズ／ジャムおじさん2代目・ドキンちゃん・しょくパンマン・カレーパンマン・メロンパンナ,&nbsp;JAN&nbsp;4988021232197&nbsp;品　番&nbsp;VPBE23219&nbsp;出　演&nbsp;アンパンマン(戸田恵子)／ばいきんまん(中尾隆聖)／ジャムおじさん初代(増岡弘)／バタコ(佐久間レイ)／チーズ／ジャムおじさん2代目(山寺宏一)／ドキンちゃん(鶴ひろみ)／しょくパンマン(島本須美)／カレーパンマン(柳沢三千代)／メロンパンナ(かないみか)&nbsp;原　作&nbsp;やなせたかし&nbsp;監　督&nbsp;永丘昭典&nbsp;制作年、時間&nbsp;2018年&nbsp;24分&nbsp;製作国&nbsp;日本&nbsp;メーカー等&nbsp;バップ&nbsp;ジャンル&nbsp;アニメ／TVアニメ／ファンタジー／アクション／ヒーロー／キャラクター／キッズ&nbsp;カテゴリー&nbsp;DVD&nbsp;入荷日&nbsp;【2023-09-25】【あらすじ】やなせたかし原作による人気アニメ『それいけ！アンパンマン』の2018年クリスマススペシャル。今日はクリスマス。街を飾り付けして、クリスマスナイトの準備をするアンパンマンたち。そこに、何にでも変身できるけむりいぬがやって来る。レンタル落ち商品のため、ディスク、ジャケットに管理シールが貼ってあります。,0.0,0,youing-gaba,遊ING 楽天市場店,https://item.rakuten.co.jp/youing-gaba/203246-205/,https://www.rakuten.co.jp/youing-gaba/,1
401669,velkommen:10189384,ダイカットメモ メロンパンナちゃん&ロールパンナ&クリームパンダ アンパンマン メモ帳 サンスター文具 幼児文具 日本製 メール便可,269,ダイカットメモ メモ帳 アンパンマン メロンパンナちゃん ロールパンナ クリームパンダ サンスター文具 幼児文具 日本製,ダイカットメモ メモ帳 アンパンマン メロンパンナちゃん＆ロールパンナ＆クリームパンダ サンスター文具 幼児文具 日本製 通販 文具 文房具 おしゃれ 仕事 学校 社会人 メモ帳2018年はアニメ放映30周年!!親子3世代、男女問わずに愛される【それいけ！アンパンマン】グッズにまたまた可愛いnewアイテム登場!こちらはとってもかわいい【ダイカットメモ】同柄のダイカットメモが60枚綴りになっています。ほかにもいろいろあるのでお気に入りを揃えてください。■サイズ：約100×120mm（60枚綴り）【Made in Japan】▼,0.0,0,velkommen,雑貨＆アートの通販店ベルコモン,https://item.rakuten.co.jp/velkommen/ssb-6830009d/,https://www.rakuten.co.jp/velkommen/,1
500171,youing-gaba-mie:10293831,【バーゲンセール】【中古】DVD▼それいけ!アンパンマン アンパンマンとはじめてのクリスマスナイト レンタル落ち,269,・アンパンマン・ばいきんまん・ジャムおじさん初代・バタコ・チーズ／ジャムおじさん2代目・ドキンちゃん・しょくパンマン・カレーパンマン・メロンパンナ,&nbsp;JAN&nbsp;4988021232197&nbsp;品　番&nbsp;VPBE23219&nbsp;出　演&nbsp;アンパンマン(戸田恵子)／ばいきんまん(中尾隆聖)／ジャムおじさん初代(増岡弘)／バタコ(佐久間レイ)／チーズ／ジャムおじさん2代目(山寺宏一)／ドキンちゃん(鶴ひろみ)／しょくパンマン(島本須美)／カレーパンマン(柳沢三千代)／メロンパンナ(かないみか)&nbsp;原　作&nbsp;やなせたかし&nbsp;監　督&nbsp;永丘昭典&nbsp;制作年、時間&nbsp;2018年&nbsp;24分&nbsp;製作国&nbsp;日本&nbsp;メーカー等&nbsp;バップ&nbsp;ジャンル&nbsp;アニメ／TVアニメ／ファンタジー／アクション／ヒーロー／キャラクター／キッズ&nbsp;カテゴリー&nbsp;DVD&nbsp;入荷日&nbsp;【2023-09-25】【あらすじ】やなせたかし原作による人気アニメ『それいけ！アンパンマン』の2018年クリスマススペシャル。今日はクリスマス。街を飾り付けして、クリスマスナイトの準備をするアンパンマンたち。そこに、何にでも変身できるけむりいぬがやって来る。レンタル落ち商品のため、ディスク、ジャケットに管理シールが貼ってあります。,0.0,0,youing-gaba-mie,遊ING長崎三重店,https://item.rakuten.co.jp/youing-gaba-mie/203246-205/,https://www.rakuten.co.jp/youing-gaba-mie/,1
403747,cinemacollection:10455900,おえかきさん ミニタオル ワンポイント刺繍ハンカチタオル めろんぱんさん オクタニ おもしろ雑貨 汗拭きタオル グッズ メール便可 シネマコレクション,269,おえかきさん ミニタオル ワンポイント刺繍ハンカチタオル めろんぱんさん オクタニ おもしろ雑貨 汗拭きタオル グッズ メール便可 あす楽 シネマコレクション,おえかきさん ミニタオル ワンポイント刺繍ハンカチタオル めろんぱんさん オクタニ おもしろ雑貨 汗拭きタオル グッズ メール便可 あす楽 シネマコレクション手触り＆吸水性もバツグンの可愛い汗拭きミニタオル子ども/キッズ/プレゼント/ギフト/贈り物大人気のおえかきさんシリーズグッズにまたまた可愛いnewアイテム登場こちらは定番人気アイテム[ミニタオル]吸水＆肌触り抜群のコットン100％にワンポイント刺繍がかわいい毎日使うものだからお気に入りのかわいいモノ使いたいね可愛いハンカチいろいろあるのでお気に入りを揃えてくださいサイズ：約200x200mm素材：綿カラー/グリーン系（緑）【おえかきさんシリーズ】キャラクター グッズ はこちらから &gt;&gt;このカテゴリにはこんな商品が含まれていますタオル・バス/トイレ用品【ハンドタオル】これを見た人はこんなキーワードで検索していますキャラクター ハンドタオルハンカチ タオルお手ふきミニタオルプチタオルキャラクター タオルバスタオルフェイスタオルハンド タオルミニタオル,0.0,0,cinemacollection,キャラクターのシネマコレクション,https://item.rakuten.co.jp/cinemacollection/okt-209555/,https://www.rakuten.co.jp/cinemacollection/,1
406864,auc-stepreikodo:10323681,【中古】ヴァイスシュヴァルツ カリカリモフモフ メロンパン 【Gss/WS02-T09 TD】 トライアルデッキ 電撃文庫 ヴァイスサイド シングルカード,270,,●　商品説明 中古トレーディングカードです。 カードは透明なスリーブに入れております。 ご注文後、商品状態についてお客様に確認が必要と判断した場合、ご連絡させていただく事がございます。 店頭商品になりますので、ご注文いただきました際は早急に手配させていただきますが、 直前で品切れとなる場合もございますので、誠に恐れ入りますが、予めご了承下さい。,0.0,0,auc-stepreikodo,ステップREIKODO,https://item.rakuten.co.jp/auc-stepreikodo/10323681/,https://www.rakuten.co.jp/auc-stepreikodo/,1
214290,cafemarley2018:10000012,濃厚バタークリームメロンパン,270,キーワード 海老パン　エビパン　カフェマーリー　南九州市頴娃町　パーティー　持ち寄り　海老グラタン　ギフト　おつまみ 抹茶テリーヌ　メロンパン　クッキー,カフェマーリーの菓子パン人気No1!！ 　ヘルシーなパンが豊富な当店1番のご褒美メニュー！ クッキー生地、バタークリーム全て手作りの絶妙なバランスの今までありそうでなかったメロンパン。 固めのクッキー生地、リッチなバタークリームがたまりません！！ 自然解凍で冷え冷えの冷やしメロンパンでも！レンジで温めてクリームジュワ〜のホットメロンパンでも！！ お好みでおいしくお召し上がりください！ 冷凍にて発送いたいます。 おいしくお召し上がりいただけますように食べ方ガイドを同封しております。 3980円以上のお買い上げで送料無料となります。 当店のセットと組み合わせても、お好きなパンとご一緒にでも！単品メニューも続々と追加中！カフェマーリーの菓子パン人気No1!！ 　ヘルシーなパンが豊富な当店1番のご褒美メニュー！ クッキー生地、バタークリーム全て手作りの絶妙なバランスの今までありそうでなかったメロンパン。 固めのクッキー生地、リッチなバタークリームがたまりません！！ 自然解凍で冷え冷えの冷やしメロンパンでも！レンジで温めてクリームジュワ〜のホットメロンパンでも！！ お好みでおいしくお召し上がりください！ 冷凍にて発送いたいます。 おいしくお召し上がりいただけますように食べ方ガイドを同封しております。 3980円以上のお買い上げで送料無料となります。 当店のセットと組み合わせても、お好きなパンとご一緒にでも！単品メニューも続々と追加中！,5.0,1,cafemarley2018,カフェマーリー,https://item.rakuten.co.jp/cafemarley2018/011/,https://www.rakuten.co.jp/cafemarley2018/,1
112110,beisia:10050935,ノルコーポレーション PT-WNB-1-2メロンパン ペット,272,,商品情報メーカー名ノルコーポレーション商品特徴●おいしそうなパンをモチーフにしたワンちゃんのおもちゃです。●見た目の可愛さからオーナーグッズにも最適です。●見た目のかわいさももちろん、ワンちゃんの使いごこちも最高です。●軽くて、柔らかくて、プープー音までなります。内容量1個原材料-生産国日本※予告なくパッケージ、商品名、産地等が変更になる場合がございます。予めご了承ください。,0.0,0,beisia,ベイシア楽天市場店,https://item.rakuten.co.jp/beisia/4535304073963/,https://www.rakuten.co.jp/beisia/,1
210194,babydolce:10000082,アンパンマン ご出産祝 ご祝儀袋 熨斗袋 ベビー 赤ちゃん それいけ！アンパンマン メロンパンナちゃんあかちゃんまん ドキンちゃん サンスター文具,275,それいけ！アンパンマン ご出産祝いにかわいいお祝儀袋,商品情報素材/仕様材質：紙お祝い袋：1枚/中袋：1枚Made in Japanサイズ約95×180mm 配送・送料【ネコポス】400円最短で翌日配達荷物追跡可ポスト投函お届け日時指定不可【条件付き送料無料】当店のおむつケーキと同梱で送料無料！※一部追加送料のかかる地域がございます。注意モニター発色の具合により色合いが異なる場合がございます。アンパンマン ご出産祝 ご祝儀袋 熨斗袋 ベビー 赤ちゃん それいけ！アンパンマン メロンパンナちゃんあかちゃんまん ドキンちゃん サンスター文具 それいけ！アンパンマン ご出産祝いにかわいいお祝儀袋 世代問わず愛される【それいけ！アンパンマン】 ご出産祝いにかわいいお祝儀袋 。中封筒付きのお祝い袋です。 ■サイズ：約95×180mm 【Made in Japan】 1,0.0,0,babydolce,おむつケーキのベイビードルチェ,https://item.rakuten.co.jp/babydolce/bdys35/,https://www.rakuten.co.jp/babydolce/,1
403753,k-beniya:10003377,アンパンマン 　プチタオル アンパンマン×メロンパンナちゃん,275,それいけ！アンパンマン・タオル・幼稚園児用タオル・小学生用タオル・タオルハンカチ・,アンパンマン プチタオル アンパンマン×どきんちゃん　&#13;&#13;■通常のミニタオルの半分の大きさのタオルです。スモックのような小さいポケットにもすっぽり入ります。 &#13;■子供にもお母さんにもうれしいサイズは、ポケットに入れてもかさばりません。&#13;&#13;■綿100％で吸水性も抜群！かわいいアンパンマンです。&#13;&#13;■防菌防臭加工、&#13;&#13;■約10×20cm ■綿100％ ■中国製 &#13;&#13;ネコポス便対応可能　送料300円&#13;&#13;（配達日時指定不可・代引き不可）&#13;アンパンマン 　プチタオル アンパンマン×メロンパンナちゃん それいけ！アンパンマン・タオル・幼稚園児用タオル・小学生用タオル・タオルハンカチ・ アンパンマン×メロンパンナちゃん　プチタオル スモックのポケットにもスッポリはいる！ミニタオルの半分サイズ抜群の吸水性名前が書けるネーム付き！サイズ　10cm×20cm綿100％ 半分に折るだけだから　子供も簡単 小さなポケットにもすっぽり入ります 裏面に名前を書くスペースあります☆ 1,0.0,0,k-beniya,きもの紅屋,https://item.rakuten.co.jp/k-beniya/zakka-033/,https://www.rakuten.co.jp/k-beniya/,1
213925,cherico:10014690,ハンカチ それいけアンパンマン バイキンマン ドキンちゃん メロンパンナ しょくぱんまん 入学入園 幼稚園保育園 【m7138】,275,キャラクター ハンカチ 子供 入園 入学 キッズ 男児 女児,※メーカー希望小売価格はメーカーカタログに基づいて掲載しています。 製品情報 サイズ 30cm×30cm 素材 綿100％ ハンカチ それいけ アンパンマン キャラクター あんぱんまん バイキンマン ドキンちゃん 男の子 女の子 200848 キッズ・ベビー・マタニティ＞キッズファッション＞ファッション雑貨・小物＞その他 551597 キッズ・ベビー・マタニティ＞キッズファッション＞ファッション雑貨・小物＞タオル・ハンカチ＞おしぼりタオル 213926 キッズ・ベビー・マタニティ＞キッズファッション＞ファッション雑貨・小物＞タオル・ハンカチ＞その他 213925 キッズ・ベビー・マタニティ＞キッズファッション＞ファッション雑貨・小物＞タオル・ハンカチ＞ハンドタオル・ハンカチ 210271 日用品雑貨・文房具・手芸＞手芸・クラフト・生地＞はぎれ・カットクロス 210254 日用品雑貨・文房具・手芸＞手芸・クラフト・生地＞生地・布 112334 本・雑誌・コミック＞ポスター＞アニメ・キャラクター 200528 本・雑誌・コミック＞雑誌＞コミック・アニメ,0.0,0,cherico,キャラクター雑貨CHERICO,https://item.rakuten.co.jp/cherico/m7138/,https://www.rakuten.co.jp/cherico/,1
210254,heartsewing:10001965,50cmまでメール便対応！キルティング　2018年入園モデル　サンリオキャラクター　part3/入園/入学/通園/バッグ/生地/布/綿/キルト/ドキンちゃん/メロンパンナ/バイキンマン,275,,*表裏生地コットン100％ 中綿ポリエステル *生地幅107センチ *50センチまでメール便対応です。表裏布　コットン100％中綿　ポリエステル100％生地幅約107cm,0.0,0,heartsewing,fabric-store heartsewing,https://item.rakuten.co.jp/heartsewing/kkya-8076q/,https://www.rakuten.co.jp/heartsewing/,1
210194,babydolce:10000084,アンパンマン お祝い ご祝儀袋 ピンク 熨斗袋 それいけ！アンパンマン ドキンちゃん しょくぱんまん バイキンマン メロンパンナちゃん チーズ サンスター文具,275,それいけ！アンパンマン お子さまのお祝いにかわいいご祝儀袋,商品情報素材/仕様材質：紙お祝い袋：1枚/中袋：1枚Made in Japanサイズ約95×180mm 配送・送料【ネコポス】400円最短で翌日配達荷物追跡可ポスト投函お届け日時指定不可【条件付き送料無料】当店のおむつケーキと同梱で送料無料！※一部追加送料のかかる地域がございます。注意モニター発色の具合により色合いが異なる場合がございます。アンパンマン お祝い ご祝儀袋 ピンク 熨斗袋 それいけ！アンパンマン ドキンちゃん しょくぱんまん バイキンマン メロンパンナちゃん チーズ サンスター文具 それいけ！アンパンマン お子さまのお祝いにかわいいご祝儀袋 世代問わず愛される【それいけ！アンパンマン】 ご出産祝い・入園祝い・入学祝い・誕生日祝いなどお祝い全般にお使い頂けるご祝儀袋。中封筒付きのお祝い袋です。 ■サイズ：約95×180mm 【Made in Japan】 1,0.0,0,babydolce,おむつケーキのベイビードルチェ,https://item.rakuten.co.jp/babydolce/bdys37/,https://www.rakuten.co.jp/babydolce/,1
101830,ultramix:10039394,アンパンマン タレビン（4個セット）（スポイト付き）【キャラ弁　キャラ弁グッズ デコ弁 お弁当】,275,アンパンマン メロンパンナちゃん ソース ケチャップ マヨネーズ ソースケース　しょう油入れ 醤油,ランチタイムが楽しくなっちゃう キュートなお弁当のタレビンです。 お醤油やソースやケチャップを可愛く携帯できちゃうね♪ スポイトがついているので入れるのも楽チン！ アンパンマン、メロンパンナちゃんの2つセットなのでケチャップとソースも一緒に 持っていけるし、女の子でも男の子でもOKなのが嬉しいね♪ ●入数：4個入（スポイト付） ●材質：ポリエチレン ●商品サイズ ・アンパンマン：約35×26.5×16 ・メロンパンナ：約32×26×15,0.0,0,ultramix,ウルトラミックス,https://item.rakuten.co.jp/ultramix/454966036791/,https://www.rakuten.co.jp/ultramix/,1
210194,babydolce:10000086,アンパンマン おめでとう ご祝儀袋 熨斗袋 それいけ！アンパンマン あかちゃんまん ドキンちゃん コキンちゃん しょくぱんまん カレーパンマン バイキンマン メロンパンナちゃん ジャムおじさん バタコさん めいけんチーズ レアチーズちゃん クリームパンダ サンスター文具,275,それいけ！アンパンマン お子さまのお祝いにかわいいご祝儀袋,商品情報素材/仕様材質：紙お祝い袋：1枚/中袋：1枚Made in Japanサイズ約95×180mm 配送・送料【ネコポス】400円最短で翌日配達荷物追跡可ポスト投函お届け日時指定不可【条件付き送料無料】当店のおむつケーキと同梱で送料無料！※一部追加送料のかかる地域がございます。注意モニター発色の具合により色合いが異なる場合がございます。アンパンマン おめでとう ご祝儀袋 熨斗袋 それいけ！アンパンマン あかちゃんまん ドキンちゃん コキンちゃん しょくぱんまん カレーパンマン バイキンマン メロンパンナちゃん ジャムおじさん バタコさん めいけんチーズ レアチーズちゃん クリームパンダ サンスター文具 それいけ！アンパンマン お子さまのお祝いにかわいいご祝儀袋 世代問わず愛される【それいけ！アンパンマン】 ご出産祝い・入園祝い・入学祝い・誕生日祝いなどお祝い全般にお使い頂けるご祝儀袋。中封筒付きのお祝い袋です。 ■サイズ：約95×180mm 【Made in Japan】 1,0.0,0,babydolce,おむつケーキのベイビードルチェ,https://item.rakuten.co.jp/babydolce/bdys38/,https://www.rakuten.co.jp/babydolce/,1
568681,anicharaya:10249366,アンパンマン ダイカットメモ メロンパンナちゃん・ロールパンナ・クリームパンダ 302958 サンスター文具,275,幼児 キッズ 園児 お手紙 お絵描き メモ帳 用紙,商品仕様【サイズ】約W98×H130×D7mm 【素 材】紙 【重 量】約60g 【内 容】本文：60枚 【生産国】日本特記事項※画像はあくまでも商品イメージになります。実際の商品と色や仕様が異なる場合がありますので、予め御了承ください。 ※メーカー希望小売価格はメーカーカタログに基づいて掲載しています。,0.0,0,anicharaya,ファンシーモンスター,https://item.rakuten.co.jp/anicharaya/mk126830009d/,https://www.rakuten.co.jp/anicharaya/,1
213925,e-shop-ohashiiku:10003556,ミニタオルハンカチ アンパンマン M-2 メール便 女の子 女児 男の子 男児 キッズ キャラクター 子供用 入園 入学 準備 お祝い プレゼント 20cm(アンパンマン バイキンマン ドキンちゃん メロンパンナ) アニメキャラクター アニメ,275,ミニタオル ポケットタオル アンパンマン,【アンパンマン】 お子様のポケットに納まるミニタオルです。 サイズ　約 20X20cm 素材　綿100％ ＊画像と商品の色が若干違う場合がございます。 ＊メール便対応OK！（3枚まで） ＊メール便は、日時指定・代金引換はできません。,0.0,0,e-shop-ohashiiku,セレクトショップ大橋幾,https://item.rakuten.co.jp/e-shop-ohashiiku/10003556/,https://www.rakuten.co.jp/e-shop-ohashiiku/,1
210194,babydolce:10000083,アンパンマン お祝い ご祝儀袋 水色 熨斗袋 それいけ！アンパンマン バイキンマン メロンパンナちゃん しょくぱんまん ドキンちゃん チーズ サンスター文具,275,それいけ！アンパンマン お子さまのお祝いにかわいいご祝儀袋,商品情報素材/仕様材質：紙お祝い袋：1枚/中袋：1枚Made in Japanサイズ約95×180mm 配送・送料【ネコポス】400円最短で翌日配達荷物追跡可ポスト投函お届け日時指定不可【条件付き送料無料】当店のおむつケーキと同梱で送料無料！※一部追加送料のかかる地域がございます。注意モニター発色の具合により色合いが異なる場合がございます。アンパンマン お祝い ご祝儀袋 水色 熨斗袋 それいけ！アンパンマン バイキンマン メロンパンナちゃん しょくぱんまん ドキンちゃん チーズ サンスター文具 それいけ！アンパンマン お子さまのお祝いにかわいいご祝儀袋 世代問わず愛される【それいけ！アンパンマン】 ご出産祝い・入園祝い・入学祝い・誕生日祝いなどお祝い全般にお使い頂けるご祝儀袋。中封筒付きのお祝い袋です。 ■サイズ：約95×180mm 【Made in Japan】 1,0.0,0,babydolce,おむつケーキのベイビードルチェ,https://item.rakuten.co.jp/babydolce/bdys36/,https://www.rakuten.co.jp/babydolce/,1
403747,tvoos:10045905,おえかきさんミニタオル/めろんぱんさん,275,ミニタオル プチタオル タオルハンカチ,サイズ：高さ200mm 幅200mmJAN：4548678209555型番：209555キャラCD：1821部門CD：018001002,0.0,0,tvoos,誕プレ雑貨　Tvoos,https://item.rakuten.co.jp/tvoos/1208134/,https://www.rakuten.co.jp/tvoos/,1
568681,laughlaugh:10454807,アンパンマン ダイカットメモ メロンパンナちゃん・ロールパンナ・クリームパンダ 302958 サンスター文具,275,幼児 キッズ 園児 お手紙 お絵描き メモ帳 用紙,商品仕様【サイズ】約W98×H130×D7mm 【素 材】紙 【重 量】約60g 【内 容】本文：60枚 【生産国】日本特記事項※画像はあくまでも商品イメージになります。実際の商品と色や仕様が異なる場合がありますので、予め御了承ください。 ※メーカー希望小売価格はメーカーカタログに基づいて掲載しています。,0.0,0,laughlaugh,キャラクターズショップ　ラフラフ,https://item.rakuten.co.jp/laughlaugh/mk126830009d/,https://www.rakuten.co.jp/laughlaugh/,1
568681,tvoos:10030948,ダイカットメモ メロンパンナ・ロールパンナ・クリームパンダ,275,6830009D メモ帳,サイズ：JAN：4901771302958型番：6830009DキャラCD：1153部門CD：019011003,0.0,0,tvoos,誕プレ雑貨　Tvoos,https://item.rakuten.co.jp/tvoos/8806057/,https://www.rakuten.co.jp/tvoos/,1
200473,bookoffonline:10379132,【中古】 メロンパン ぶ～けC／耕野裕子(著者),275,,耕野裕子(著者)販売会社/発売会社：集英社発売年月日：1990/06/01JAN：9784088602097,0.0,0,bookoffonline,ブックオフ 楽天市場店,https://item.rakuten.co.jp/bookoffonline/0011420052/,https://www.rakuten.co.jp/bookoffonline/,1
208876,renet3:12179545,【中古】コキンちゃんとメロンパンナ / やなせたかし,276,,&nbsp;&nbsp;&nbsp; コキンちゃんとメロンパンナ 単行本 の詳細 ホラーマンと一緒に、荒れた花壇をきれいにしていたメロンパンナちゃんたち。ところが、そこにコキンちゃんのUFOが飛び込んできて、花壇をめちゃくちゃにしてしまい…。まちがいさがし、シルエットクイズ付き。厚紙絵本。 カテゴリ: 中古本 ジャンル: 料理・趣味・児童 絵本 出版社: フレーベル館 レーベル: それいけ！アンパンマンアニメライブラリー 作者: やなせたかし カナ: コキンチャントメロンパンナ / ヤナセタカシ サイズ: 単行本 ISBN: 4577042922 発売日: 2016/01/01 関連商品リンク : やなせたかし フレーベル館 それいけ！アンパンマンアニメライブラリー,0.0,0,renet3,ネットオフ楽天市場支店,https://item.rakuten.co.jp/renet3/0012327845/,https://www.rakuten.co.jp/renet3/,1
505564,laughlaugh:10432867,地元パン おすそわけ袋 小正方形 メロンパン 甲斐みのり かわいい 懐かしい 面白い プレゼント 014693,277,パン 文具 グッズ コラボ パッケージ おもしろい,商品仕様【パッケージサイズ】約W130×H160mm 【本体サイズ】約W116×H130mm 【内容】10枚入り特記事項※画像はあくまでも商品イメージになります。実際の商品と色や仕様が異なる場合がありますので、予め御了承ください。 ※メーカー希望小売価格はメーカーカタログに基づいて掲載しています。,0.0,0,laughlaugh,キャラクターズショップ　ラフラフ,https://item.rakuten.co.jp/laughlaugh/mbm2pan2207/,https://www.rakuten.co.jp/laughlaugh/,1
209288,mottainaihonpo-omatome:10055242,"【中古】 デモンズ・クラッシュ！ 魔王と勇者とメロンパン / あおしま たかし, TOMA / KADOKAWA [文庫]【宅配便出荷】",277,【1日～3日以内に出荷】,"著者：あおしま たかし, TOMA出版社：KADOKAWAサイズ：文庫ISBN-10：4044282013ISBN-13：9784044282011■通常24時間以内に出荷可能です。※繁忙期やセール等、ご注文数が多い日につきましては　発送まで72時間かかる場合があります。あらかじめご了承ください。■宅配便(送料398円)にて出荷致します。合計3980円以上は送料無料。■ただいま、オリジナルカレンダーをプレゼントしております。■送料無料の「もったいない本舗本店」もご利用ください。メール便送料無料です。■お急ぎの方は「もったいない本舗　お急ぎ便店」をご利用ください。最短翌日配送、手数料298円から■中古品ではございますが、良好なコンディションです。決済はクレジットカード等、各種決済方法がご利用可能です。■万が一品質に不備が有った場合は、返金対応。■クリーニング済み。■商品画像に「帯」が付いているものがありますが、中古品のため、実際の商品には付いていない場合がございます。■商品状態の表記につきまして・非常に良い：　　使用されてはいますが、　　非常にきれいな状態です。　　書き込みや線引きはありません。・良い：　　比較的綺麗な状態の商品です。　　ページやカバーに欠品はありません。　　文章を読むのに支障はありません。・可：　　文章が問題なく読める状態の商品です。　　マーカーやペンで書込があることがあります。　　商品の痛みがある場合があります。",0.0,0,mottainaihonpo-omatome,もったいない本舗　おまとめ店,https://item.rakuten.co.jp/mottainaihonpo-omatome/4044282013/,https://www.rakuten.co.jp/mottainaihonpo-omatome/,1
112114,chanet:11016996,サンメイト　コックパン　メロンパン　95g　犬　おやつ【HLS_DU】　関東当日便,278,消費期限 2024/12/23,メーカー：サンメイト大人気コックパンの新シリーズ！サンメイト　コックパン　メロンパン　95g対象全犬種機能おやつライフステージ生後2ヶ月以上特長●食塩、合成保存料、合成着色料を使用せず、素材の持つおいしさを大切にした愛犬用おやつです。 ●食べやすい一口サイズに焼きあげておりますので、幼犬やしつけのご褒美にも最適です。内容量95g原材料小麦粉（国内製造）、糖類（砂糖、ブドウ糖、イソマルトオリゴ糖、シロップ）、植物油脂（ショートニング、なたね油、大豆油）、パン酵母、脱脂粉乳、メロン果汁加工品（果糖ブドウ糖液糖、メロン濃縮果汁）、でん粉（小麦粉含む）／加工でん粉、香料、着色料（食用青色1号、紅花黄、クチナシ）、酸味料成分粗タンパク質：8．7％以上、粗脂肪：6．4％以上、粗繊維：2．7％以下、粗灰分：0．5％以下、水分：17．8％以下カロリー359kcal／100g原産国日本ご注意※生後2ヵ月未満の幼犬には与えないでください。※本品は主食ではないため、与えすぎに注意してください。お問い合わせについて商品の不明点につきましては、下記にお問い合わせください。株式会社サンメイトTEL：03−3523−1371サンメイト　コックパン　ミルク　100g　犬　おやつ　コックパンサンメイト　コックパン　チーズ　100g　犬　おやつ　コックパンサンメイト　コックパン　さつまいも　95g　犬　おやつ　コックパンサンメイト　コックパン　かぼちゃ＆にんじん　95g　犬　おやつ　コックパンサンメイト　コックパン　ヨーグルト味　95g　犬　おやつサンメイト　プチトースト　プレーン　8枚入り　犬　おやつサンメイト　プチトースト　メープル　8枚入り　犬　おやつ … サンメイト　コックパン　メロンパン　95g　4523294009086　20210120　y21m01　nszk　犬フード　ドッグフード　犬　いぬ　犬おやつ　おやつ　パン　犬用　メロン　国産　ひとくちサイズ　一口サイズ　食べやすい　スナック　melma2206dmelon　opa2_choku　コックさんがワンちゃんのために焼いたメロンパン■この商品をお買い上げのお客様は、下記商品もお買い上げです。※この商品には付属しません。■サンメイト　コックパン　ミルク　100g　犬　おやつ　コックパンサンメイト　コックパン　チーズ　100g　犬　おやつ　コックパンサンメイト　コックパン　さつまいも　95g　犬　おやつ　コックパンサンメイト　コックパン　かぼちゃ＆にんじん　95g　犬　おやつ　コックパンサンメイト　コックパン　ヨーグルト味　95g　犬　おやつサンメイト　プチトースト　プレーン　8枚入り　犬　おやつサンメイト　プチトースト　メープル　8枚入り　犬　おやつ,5.0,1,chanet,charm 楽天市場店,https://item.rakuten.co.jp/chanet/262041/,https://www.rakuten.co.jp/chanet/,1
553785,auc-yuyou:10153015,それいけ アンパンマン トレイン 17 3：メロンパンナちゃん バンダイ ガチャポン ガチャガチャ ガシャポン,280,アンパンマントレイン17弾!!【3980円以上お買い上げで送料無料】,■連結して走らせるとアンパンマンたちが動きます!!BANDAI 200円カプセル自販機商品の単品販売です。それいけ アンパンマン トレイン 17 より【メロンパンナちゃん】です。■サイズ：約5.5cm■新古品、カプセルは付きません。　付属のミニブック（説明書）は付きますが、　ガシャポン玩具の特性上、当初より折れ及びシワがある場合がございます。★集めて楽しいシリーズをこの機会にぜひコレクションに加えてください!　遊youなら、ガチャガチャ 食玩 フィギュア 限定 非売品のアミューズメント景品から、レアなカード おもちゃ　キャラクター グッズなどのコレクターズ アイテムが単品からSETまでゲットできちゃいます!※こちらの商品は宅配便のみのお届けとなります。　メール便を選択された場合は宅配便の送料に訂正させていただきます。,0.0,0,auc-yuyou,遊you　楽天市場店,https://item.rakuten.co.jp/auc-yuyou/g19105dt03/,https://www.rakuten.co.jp/auc-yuyou/,1
101872,tukishimado:20624466,★ポイント最大16倍★【教育施設様限定商品】-ed 182978 マグネットクリップメロンパンナちゃん メーカー名 サンスター文具 1690010E-【教育・福祉】,281,★ポイント最大16倍★お気軽にお見積もりご依頼下さい！,※個人宅への配送はサイズごとに別途送料がかかります。メロンパンナちゃん整理に便利なタイトル書き込みスペース付！マグネット付なので、書類を挟んで貼っておくことができます。【スペック】●サイズ／65×60×25mm●材質／ABS・磁石アンパンマン バイキンマン メロンパンナ あかちゃんマン ドキンちゃん コキンちゃん やなせたかし アンパンマンクリップ バイキンマンクリップ更新日 2024/03/05 callme コールミー コール・ミー 明日 楽 ソロエル アリーナ オフィス 家具 ココデ coco 事務所 tano タノメ 免税 TAXFREE DUTY 爆買 月島堂 tukishima オフィス家具 インテリア 家具 アウトレット レイアウト 新品 お買い得 限定 送料無料 送料込み 送料込 通販 通信販売 人気 ランキング 楽天 楽天市場 ネットショッピング 会社 会社用 プロ オフィス 事務所 業務用 仕事用 商談 打ち合わせ 会議室 事務室 事務 作業用 事務用 かわいい　座り心地　おしゃれ お洒落 クール かっこいい ネットカフェ用 ネットカフェ マンガ喫茶 漫画喫茶 学校 小学校 中学校 高校 高等学校 専門学校 大学 大学院 オフィス 事務所 店舗 インボイス対応 適格請求書★月島堂はインボイス対応済！インボイスのご請求書、領収書をご発行可能です。★業界最安値に挑戦！専門店ならではの納得価格。★創業25年の信頼と実績！★多くのお客様に選ばれ、累積受注件数35000件突破！★月島堂は90％以上のお客様にご納得いただいております。★お気軽にお見積もりご依頼下さい★お見積りはこちらから★,0.0,0,tukishimado,【文具の月島堂】楽天市場店,https://item.rakuten.co.jp/tukishimado/ss0604-ed182978/,https://www.rakuten.co.jp/tukishimado/,1
