itemUrl,itemName,itemPrice,catchcopy,itemPriceMax3,itemCaption,reviewCount,shopName,shopUrl,platform,janCode
https://store.shopping.yahoo.co.jp/sneeze/cw2288-111.html,NIKE AIR FORCE 1 '07 CW2288-111 WHITE/WHITE ナイキ エアフォース ワン ロー ホワイト 315122-111 定番 メンズ スニーカー,17930,,,,18,Sneeze,https://store.shopping.yahoo.co.jp/sneeze/,Yahoo,
https://store.shopping.yahoo.co.jp/joyfoot/fv3700-112.html,ナイキ ウィメンズ エアフォース ワン '07 LX セイル/セイル-カーキ/カカオワオ NIKE WMNS AIR FORCE 1 '07 LX SAIL/SAIL-KHAKI-CACAO WOW fv3700-112,24800,,,"■商品説明<br>1982年より今も愛され続けるNIKEの不動の名作モデル""AIR FORCE 1""からフォーマルな品格を備えたデザインの1足が入荷。<br><br>アッパーはホワイトをベースに、サイドパネルにはブローグ(穴飾り)と、<br>アイステイパーツにはエッジをギザギザにカットしたギンピング加工を施した。<br><br>ヒールタブにはチェックやストライプなどのパッチワークを配し、<br>蝋引き加工のラウンドレースに輝くシルバーのデュブレでフォーマルなスタイルを確立。<br><br>ブラウンレザーのシュータンラベルとサンドカラーのソールユニットが、より一層の風格をまとわせる仕上がりとなっている。<br><br>■商品名<br>WMNS AIR FORCE 1 '07 LX<br><br>■商品番号<br>fv3700-112<br><br>■カラー<br>SAIL/SAIL-KHAKI-CACAO WOW<br><br>■注意事項<br>当店では姉妹店と在庫を共有している為に<br>ご注文が確定した後でも<br>在庫の欠品が発生する可能性もございます。<br><br>■備考<br>海外輸入商品となりますので、外箱にキズやヘコみ等がある場合がございます。<br>国内品に付属する黒い商品タグの付属がない状態が正常の状態となっております。<br>ご了承の上ご注文いただきますようよろしくお願い致します。<br>",2,JOYFOOT SNEAKER ONLINE SHOP,https://store.shopping.yahoo.co.jp/joyfoot/,Yahoo,
https://store.shopping.yahoo.co.jp/sneeze/hf1058-133.html,NIKE W AIR FORCE 1 '07 ESS TRK3 HF1058-133 SAIL/LIGHT BONE ナイキ ウィメンズ エアフォースワン エッセンシャル セイル ブラック レディース スニーカー,17930,,,,1,Sneeze,https://store.shopping.yahoo.co.jp/sneeze/,Yahoo,
https://store.shopping.yahoo.co.jp/sneeze/dd8959-001.html,NIKE WMNS AIR FORCE 1 '07 BLACK/BLACK DD8959-001 ナイキ ウィメンズ エアフォース ワン 07 ロー ブラック 定番 315115-038 レディース スニーカー,15620,,,,11,Sneeze,https://store.shopping.yahoo.co.jp/sneeze/,Yahoo,
https://store.shopping.yahoo.co.jp/sneeze/dd8959-100.html,NIKE WMNS AIR FORCE 1 '07 WHITE/WHITE DD8959-100 ナイキ ウィメンズ エアフォース ワン 07 ロー ホワイト 定番 315115-112 レディース スニーカー,16800,,,,10,Sneeze,https://store.shopping.yahoo.co.jp/sneeze/,Yahoo,
https://store.shopping.yahoo.co.jp/ltd-online/cw2288-111.html,ナイキ エアフォース 1 '07 NIKE AIR FORCE 1 07 white/white cw2288-111 スニーカー ホワイト AF1 LOW 白 メンズ エア フォース ワン ロー,19999,,,"NIKE AIR FORCE 1 07 white/white cw2288-111<br><br>1982年にAIRを内蔵したバスケットボールシューズとして登場し、今やナイキを代表するキング・オブ・キックスとなった""AIR FORCE 1 (エアフォース 1)""。今やナイキの顔として、世界中で絶大な人気を誇るクラシックモデル。絶妙なボリューム感のあるシルエット、シンプルなデザイン、多彩なカラーリングとディテールやバリエーション、そして無限に増殖する限定モデルが物欲を刺激する""AIR FORCE 1""究極の大定番オールホワイトカラーが入荷。説明無用のAF1のホワイトカラーは様々なスタイリングにハマり、老若男女にオススメできるスニーカーとなります!!AF1を履き込み、シワが入りエイジングを楽しむ方も、クリーンなホワイトを愛し、汚れをクリーニングしながら履く方、年始などの区切りで新しいAF1ホワイトをおろす方など、初心者からスニーカーフリークまで様々な愛し方をされている別格の魅力を放つ一足となります!!<br><br><br>●通常のAIR FORCE 1と同じ作りとなります。<br>横幅のある方はハーフサイズ大きめをお勧めします。",53,LTD Online,https://store.shopping.yahoo.co.jp/ltd-online/,Yahoo,
https://store.shopping.yahoo.co.jp/joyfoot/fv3654-111.html,ナイキ ウィメンズ エアフォース ワン '07 LX セイル/セイル-メタリックゴールド NIKE WMNS AIR FORCE 1 '07 LX SAIL/SAIL-METALLIC GOLD fv3654-111,24800,,,"■商品説明<br>1982年より今も愛され続けるNIKEの不動の名作モデル""AIR FORCE 1""からウィメンズ向けの""LUXE(リュクス)""な装飾が施された1足が入荷。<br><br>上品なタンブルレザーのアッパー、サイドパネルに高級感のあるメタリックゴールドの4本のスモールスウッシュを配置した。<br><br>控えめなカラーリングではありますが、特別なディテールがゴージャスな印象を与えている1足です。<br><br>日本未発売海外限定カラー。<br><br>■商品名<br>WMNS AIR FORCE 1 '07 LX<br><br>■商品番号<br>fv3654-111<br><br>■カラー<br>SAIL/SAIL-METALLIC GOLD<br><br>■注意事項<br>当店では姉妹店と在庫を共有している為に<br>ご注文が確定した後でも<br>在庫の欠品が発生する可能性もございます。<br><br>■備考<br>海外輸入商品となりますので、外箱にキズやヘコみ等がある場合がございます。<br>国内品に付属する黒い商品タグの付属がない状態が正常の状態となっております。<br>ご了承の上ご注文いただきますようよろしくお願い致します。<br>",2,JOYFOOT SNEAKER ONLINE SHOP,https://store.shopping.yahoo.co.jp/joyfoot/,Yahoo,
https://store.shopping.yahoo.co.jp/ltd-online/cw2288-001.html,ナイキ エアフォース 1 '07 NIKE AIR FORCE 1 07 black/black cw2288-001 スニーカー ブラック AF1 LOW 黒 メンズ エア フォース ワン ロー,18999,,,"NIKE AIR FORCE 1 07 black/black cw2288-001<br><br>1982年にAIRを内蔵したバスケットボールシューズとして登場し、今やナイキを代表するキング・オブ・キックスとなった""AIR FORCE 1 (エアフォース 1)""。今やナイキの顔として、世界中で絶大な人気を誇るクラシックモデル。絶妙なボリューム感のあるシルエット、シンプルなデザイン、多彩なカラーリングとディテールやバリエーション、そして無限に増殖する限定モデルが物欲を刺激する""AIR FORCE 1""の大定番オールブラックカラーが入荷。説明無用のAF1のブラックカラーは様々なスタイリングにハマり、老若男女にオススメできるスニーカーとなります!!初心者からスニーカーフリークまで様々な愛し方をされている別格の魅力を放つ一足を是非お見逃しなく!!",10,LTD Online,https://store.shopping.yahoo.co.jp/ltd-online/,Yahoo,
https://store.shopping.yahoo.co.jp/ltd-online/dd8959-100.html,ナイキ ウィメンズ エアフォース 1 07 NIKE WMNS AIR FORCE 1 07 white/white-wht-wht dd8959-100 スニーカー エア フォース ワン ロー ホワイト 白 AF1 LOW,17499,,,"NIKE WMNS AIR FORCE 1 07 white/white-wht-wht dd8959-100<br><br>記念すべき30周年経て、新たなスタートをきったNIKE定番の名作 AIR FORCE 1 !!アッパーからソールに至るまでオールホワイトで統一された大定番の一足!!男性からも絶大な人気を誇る定番カラーはレディースサイズでも好評の一足となります!!絶妙なボリューム感のあるAF1オールホワイトは様々なコーディネートでも決まる万能な一品!!キングオブスニーカー普遍的な魅力を持つ""AIR FORCE1""をこの機会にチェックしてみて下さい!!",19,LTD Online,https://store.shopping.yahoo.co.jp/ltd-online/,Yahoo,
https://store.shopping.yahoo.co.jp/sneeze/cw2288-001.html,NIKE AIR FORCE 1 '07 CW2288-001 BLACK/ BLACK ナイキ エアフォース ワン ロー ブラック 315122-001 定番 メンズ スニーカー,17800,,,,12,Sneeze,https://store.shopping.yahoo.co.jp/sneeze/,Yahoo,
https://store.shopping.yahoo.co.jp/sneeze/cw2289-111.html,NIKE AIR FORCE 1 MID '07 WHITE/WHITE CW2289-111 ナイキ エアフォース ワン ミッド ホワイト 315123-111 定番 メンズ スニーカー,16800,,,,18,Sneeze,https://store.shopping.yahoo.co.jp/sneeze/,Yahoo,
https://store.shopping.yahoo.co.jp/limited-edition/cw2288-111.html,NIKE AIR FORCE 1 07 white/white cw2288-111 ナイキ エアフォース 1 '07 スニーカー ホワイト AF1 LOW 白 メンズ エア フォース ワン ロー,19999,,,"NIKE AIR FORCE 1 07 white/white cw2288-111<br><br>1982年にAIRを内蔵したバスケットボールシューズとして登場し、今やナイキを代表するキング・オブ・キックスとなった""AIR FORCE 1 (エアフォース 1)""。今やナイキの顔として、世界中で絶大な人気を誇るクラシックモデル。絶妙なボリューム感のあるシルエット、シンプルなデザイン、多彩なカラーリングとディテールやバリエーション、そして無限に増殖する限定モデルが物欲を刺激する""AIR FORCE 1""究極の大定番オールホワイトカラーが入荷。説明無用のAF1のホワイトカラーは様々なスタイリングにハマり、老若男女にオススメできるスニーカーとなります!!AF1を履き込み、シワが入りエイジングを楽しむ方も、クリーンなホワイトを愛し、汚れをクリーニングしながら履く方、年始などの区切りで新しいAF1ホワイトをおろす方など、初心者からスニーカーフリークまで様々な愛し方をされている別格の魅力を放つ一足となります!!<br><br><br>●通常のAIR FORCE 1と同じ作りとなります。<br>横幅のある方はハーフサイズ大きめをお勧めします。",10,LIMITED EDT,https://store.shopping.yahoo.co.jp/limited-edition/,Yahoo,
https://store.shopping.yahoo.co.jp/fusionusa/tcm-16.html,ナイキ NIKE エアフォース 1 AIR FORCE 1 エアフォースワン ペイント サービス ベージュ ライラック カスタム メンズ レディース スニーカー,6000,,,シンプルワンカラーペイント<br><br>お手持ちのスニーカーをカスタマイズするスニーカーカスタマイズサービスとなります。<br><br>アート面は内外4面となります。<br><br>◆こちらの商品はお客様ご自身でベースとなるシューズのご用意が必要となります。<br>【おすすめベースシューズ】エアフォース1<br>ご注文後にシューズの配送先を含めたご案内をさせて頂きますので、ご注文後にシューズをお送りくださいませ。<br>※その他のシューズでも可能です。新品、中古問いませんのでご不明な場合は一度お問い合わせください。<br>※ご自身でご用意がない場合には代理購入にて受け付けております。代理購入の場合はおすすめベースシューズとなります。<br><br>◆カラー変更ご相談下さい。<br>◆ベースシューズのモデル変更可能です。お気軽にお問い合わせください。<br><br>※カスタム品のためオーダー完了後のキャンセル、返品はできませんのでご了承の上ご注文ください。<br><br>こちらの商品は受注生産の商品となります。<br>制作に日数がかかりますので、ご注文頂いてから発送までには約25日−30日程のお時間を頂きます。,0,stone1 ヤフー店,https://store.shopping.yahoo.co.jp/fusionusa/,Yahoo,
https://store.shopping.yahoo.co.jp/metaballer/fn5924-100.html,NIKE AIR FORCE 1 LOW RETRO FN5924 100 メンズ ホワイト 白 ナイキ エア フォース ワン レトロ シューズ,17280,,,"1982年にAIRを内蔵したバスケットボールシューズとして登場し、今やナイキを代表するキング・オブ・キックスとなった""AIR FORCE 1 (エアフォース 1)""。<br>世界中で絶大な人気を誇るクラシックモデル。<br>絶妙なボリューム感のあるシルエット、シンプルなデザイン、多彩なカラーリングとディテールやバリエーション、そして無限に増殖する限定モデルが物欲を刺激する""AIR FORCE 1""。<br>2022年に40周年を迎え、益々盛り上がりを魅せる""AF1""にオリジナルモデルをほぼ忠実にリメイクし、""COLOR OF THE MONTH""コレクションとして復刻。<br><br>アッパーは滑らかなホワイトのレザーを使用し、アウトソールに乳白色のクリア素材を配置。<br>サイドにはラバー製の、""JEWEL SWOOSH(ジュエル スウッシュ)""をデザインした。<br>'90sのDNAを現代へと語り継ぐ1足となっている。",1,メタボーラー,https://store.shopping.yahoo.co.jp/metaballer/,Yahoo,0196606220178
https://store.shopping.yahoo.co.jp/joyfoot/315122-111.html,ナイキ エアフォースワン '07 メンズ スニーカー NIKE AIR FORCE 1 '07 WHITE/WHITE CW2288-111,19800,,,"■商品説明<br>NIKEから""AIR FORCE 1 LOW""オールホワイトカラーの登場です!!<br>オールシーズン履ける人気の定番カラーなだけに見逃せません。<br><br>シンプルなシルエットもスタイルを選ばず履くことのできる合わせやすい一足です。<br><br>※素材はレザーです。<br><br>■商品名<br>AIR FORCE 1 '07<br><br>■商品番号<br>CW2288-111<br><br>■カラー<br>WHITE/WHITE<br><br>■注意事項<br>当店では姉妹店と在庫を共有している為に<br>ご注文が確定した後でも<br>在庫の欠品が発生する可能性もございます。<br><br>■備考<br>海外輸入商品となりますので、外箱にキズやヘコみ等がある場合がございます。<br>海外店舗でのマーキングやシールをはがしたような跡がある場合もございます。<br>国内品に付属する商品タグは付属致しません。",31,JOYFOOT SNEAKER ONLINE SHOP,https://store.shopping.yahoo.co.jp/joyfoot/,Yahoo,
https://store.shopping.yahoo.co.jp/ltd-online/fj4146-100.html,ナイキ エアフォース 1 07 NIKE AIR FORCE 1 07 white/smoke grey-wht fj4146-100 スニーカー ホワイト スモークグレー AF1,19999,,,"NIKE AIR FORCE 1 07 white/smoke grey-wht fj4146-100&lt;br&gt;<br>&lt;BR&gt;<br>1982年、後にAIR JORDAN 1、2などを手がけることになるブルースギルゴアがデザインしたバスケットボールシューズ""AIR FORCE 1(エアフォースワン)""。アメリカ大統領専用機の名称である""エアフォース1(AIR FORCE 1)""にちなみ命名され、今やナイキの顔であり、スニーカーのアイコンモデルのひとつとして世界中で絶大な人気を誇るエアフォース1。AIRを搭載した確かな履き心地、シンプルなデザイン、多彩なカラーとディテールバリエーション、そして無限に増殖する限定モデルが物欲を刺激するスニーカー。そんな""AIR FORCE 1""よりNEWカラーが登場。今作はホワイトベースにスモークグレーの差し色を加えたシンプルでクラシックな一足。大定番の""AIR FORCE 1""のNEWカラーは""AIR FORCE""フリークをはじめ、スニーカーファン必見の一足となります。この機会をお見逃し無く。",0,LTD Online,https://store.shopping.yahoo.co.jp/ltd-online/,Yahoo,
https://store.shopping.yahoo.co.jp/tower/1789117.html,エアフォース・ワン 特別版＜期間生産限定盤＞ DVD,1572,,,ご注文後のキャンセル・返品は承れません。<br>発売日:2005年09月21日/商品ID:1789117/ジャンル:映画/TVドラマ/フォーマット:DVD/構成数:1/レーベル:ウォルト・ディズニー・スタジオ・ジャパン/アーティスト:ウォルフガング・ペーターゼン、他/アーティストカナ:ウォルフガング・ペーターゼン/タイトル:エアフォース・ワン 特別版＜期間生産限定盤＞/タイトルカナ:エアフォースワン トクベツバン,0,タワーレコード Yahoo!店,https://store.shopping.yahoo.co.jp/tower/,Yahoo,4959241942708
https://store.shopping.yahoo.co.jp/selectshop-jp/cu9225-001-24ss.html,24SS Supreme NIKE AIR FORCE 1 LOW / SUPREME BLACK ( ナイキ エアフォース ワン ロー シュプリーム コラボ ブラック 黒 ),26800,,,24SS Supreme NIKE AIR FORCE 1 LOW / SUPREME BLACK ( ナイキ エアフォース ワン ロー シュプリーム コラボ ブラック 黒 )<br><br>2024SS新作、SUPREME (シュプリーム) と、NIKE ( ナイキ ) のコラボレーションモデルの 「 AIR FORCE 1 LOW / SUPREME 」になります。<br><br>品番:CU9225-001<br><br>カラー:BLACK/BLACK<br><br>SUPREME のロゴ入りシューレースが付属します。<br><br>新品、未使用、箱、タグ付きの国内正規品になります。<br><br>※こちらの商品は、いかなる理由がございましてもご注文後のキャンセル、返品、交換、お支払い方法の変更は出来かねます。,0,SELECTSHOP-JP,https://store.shopping.yahoo.co.jp/selectshop-jp/,Yahoo,
https://store.shopping.yahoo.co.jp/vanda/bv-vwds-4270.html,エアフォース・ワン 特別版 ／ ハリソン・フォード (DVD),1572,,,種別:DVD発売日:2010/12/08収録曲:AIR FORCE ONE￥メイキング映像“大統領vsテロリスト”/オリジナル劇場予告編,2,バンダレコード ヤフー店,https://store.shopping.yahoo.co.jp/vanda/,Yahoo,4959241942708
https://store.shopping.yahoo.co.jp/marsone/cw2288-111.html,ナイキ エア フォース ワン ロー NIKE AIR FORCE 1 LOW '07 WHITE/WHITE 白 ホワイト AF1 CW2288-111 315122-111,19800,,,不変的な人気を誇るAIR FORCE 1。<br>今作はオーソドックスで最も売れているALL WHITE。<br>間違いない1足です。<br><br>品番CW2288-111<br><br>■サイズについて<br>フォース1はNIKEの中で、もっともオーソドックスで普通のつくりです。<br><br>■当店扱う商品はすべて正規品でございます。コピー品、B品等は一切ございませんので、ご安心してお買い求め下さい。,0,マーズワン,https://store.shopping.yahoo.co.jp/marsone/,Yahoo,
https://store.shopping.yahoo.co.jp/sneeze/fq7626-100.html,NIKE WMNS AIR FORCE 1 '07 VALENTINE'S DAY WHITE/ADOBE/TEAM RED FQ7626-100 ナイキ ウィメンズ エアフォース ワン ロー レディース ガールズ スニーカー,16170,,,,0,Sneeze,https://store.shopping.yahoo.co.jp/sneeze/,Yahoo,
https://store.shopping.yahoo.co.jp/metaballer/dr9503-201.html,NIKE AIR FORCE 1 PRM MF DR9503 201 ウィメンズ ベージュ ホワイト 白 ナイキ エア フォース ワン プレミアム バケッタタン シューズ,14300,,,ウィメンズ商品のため通常よりもワンサイズ大き目の購入を推奨<br><br>・バスケットボールシューズのオリジナルモデルに技巧を凝らしたアレンジをプラスしたシューズが、真の喜びをもたらす。<br>・滑らかなレザーとワックス加工のシューレースの組み合わせには、まさに一目ぼれ。<br>・レザーのシュータンラベルとデュブレで、職人による手作り感をプラス。<br>・Airクッショニングで靴底を仕上げ、至福の時へと優しく誘う。,1,メタボーラー,https://store.shopping.yahoo.co.jp/metaballer/,Yahoo,0196153966307
https://store.shopping.yahoo.co.jp/joyfoot/fj4228-100.html,ナイキ エアフォースワン '07 ホワイト/セーフティー オレンジ メンズ NIKE AIR FORCE 1 '07 WHITE/SAFETY ORANGE fj4228-100,32800,,,"■商品説明<br>・誕生から40年目を迎えたNIKEの不動の名作モデル""AIR FORCE 1""<br><br>・国内未発売カラーが登場。<br><br>・オレンジグラデーションのダブルスウッシュ仕様。<br><br>・サマーシーズンにピッタリな1足となっています。<br><br>■商品名<br>AIR FORCE 1 '07<br><br>■商品番号<br>fj4228-100<br><br>■カラー<br>WHITE/SAFETY ORANGE<br><br>■注意事項<br>当店では姉妹店と在庫を共有している為に<br>ご注文が確定した後でも<br>在庫の欠品が発生する可能性もございます。<br><br>■備考<br>海外輸入商品となりますので、外箱にキズやヘコみ、<br>マーキング等がある場合がございます。<br>国内品に付属する商品タグは付属致しません。<br>あらかじめご了承のうえご注文いただきますようよろしくお願い致します。",0,JOYFOOT SNEAKER ONLINE SHOP,https://store.shopping.yahoo.co.jp/joyfoot/,Yahoo,
https://store.shopping.yahoo.co.jp/shoety/nike-wmns-airforce1-07-white-chrome-metallicsilver.html,NIKE Wmns Air Force 1 '07 white/chrome/metallic silver ナイキ ウィメンズ エアフォースワン オール ホワイト 真っ白 USA キラキラ レザー ロー 海外 限定,24900,,,NIKE (ナイキ) の wmns air force 1 07 (ウィメンズ エアフォースワン 07) です。<br>エアフォースワンの限定バージョンで、クリアラインストーンのスウォッシュ。<br>ホワイトレザーがベースのアッパーです。<br>アッパー内側はノーマルのスウォッシュで、外側はクリアラインストーンのスウォッシュになってます。,0,SHOETY,https://store.shopping.yahoo.co.jp/shoety/,Yahoo,
https://store.shopping.yahoo.co.jp/ltd-online/dj2739-100.html,ナイキ エアフォース 1 '07 NIKE AIR FORCE 1 07 white/wht-gum light brown dj2739-100 ホワイト ガム ライトブラウン AF1 白 メンズ エア フォース ワン ロー,22499,,,"NIKE AIR FORCE 1 07 white/wht-gum light brown dj2739-100<br><br>1982年にAIRを内蔵したバスケットボールシューズとして登場し、今やナイキを代表するキング・オブ・キックスとなった""AIR FORCE 1 (エアフォース 1)""。今やナイキの顔として、世界中で絶大な人気を誇るクラシックモデル。絶妙なボリューム感のあるシルエット、シンプルなデザイン、多彩なカラーリングとディテールやバリエーション、そして無限に増殖する限定モデルが物欲を刺激する""AIR FORCE 1""のホワイト×ガムが入荷。説明無用のAF1のオールホワイトにガムソールを採用した鉄板カラー!!オールホワイトとは一味違うアクセントの効いた今作はAF1ファンから根強く支持される人気カラー!!様々なスタイリングにハマり、老若男女にオススメできる万能スニーカーとなります!!初心者からスニーカーフリークまで様々な愛し方をされている別格の魅力を放つ一足となります!!<br><br>●通常のAIR FORCE 1と同じ作りとなります。<br>横幅のある方はハーフサイズ大きめをお勧めします。",3,LTD Online,https://store.shopping.yahoo.co.jp/ltd-online/,Yahoo,
https://store.shopping.yahoo.co.jp/vectorpremium/034-902402230009.html,ナイキ NIKE AIR FORCE 1 LOW 07 WHITE エア フォース ワン ロー ホワイト ローカット スニーカー CW2288-111 28 白 ブランド古着ベクトル,12100,,,ナイキ NIKE AIR FORCE 1 LOW 07 WHITE エア フォース ワン ロー ホワイト ローカット スニーカー CW2288-111 28 白 ブランド古着ベクトル ▲■240321 メンズ<br><br>【ブランド】ナイキ NIKE<br>【表記サイズ】US10<br>28cm <br><br>※実寸サイズを記載しておりますので、サイズに関するご質問はお答え致しかねます。<br><br>【実寸サイズ】最大幅：10cm　アウトソール：30cm　　<br>【色】ホワイト　　※色に関してはこの商品の出品者の主観で判断しておりますので、カタログや正規のカラーとは言いまわしが異なる場合があります。<br>【仕様】CW2288-111<br>【状態】国内正規黒タグ付きの新品未使用品かと思われます。　　※神経質な方はご購入をお控え下さい。あくまで中古品ですので新品の状態とは異なる商品もあります。　また店頭にて併売しておりますので、出品時と状態が異なる場合がございます。ご了承いただいた上でのご購入をご検討下さい。<br>【付属品】箱/黒タグ　　写真または説明欄に記載のない付属品などは付属しておりませんので、ご注意頂ますようお願い申し上げます。<br>【備考】★北関東一の品揃え★　販売店は「ベクトル高崎高関店」で検索！　所在地： 〒370-0043 群馬県高崎市高関町345,0,ブランド古着販売のベクトル,https://store.shopping.yahoo.co.jp/vectorpremium/,Yahoo,
https://store.shopping.yahoo.co.jp/sneak/nike-cw2290-111.html,ナイキ NIKE エアフォース1 ハイ スニーカー メンズ AIR FORCE 1 HIGH 07 ホワイト 白 CW2290-111,17050,,,【スニーカーフリークから高い人気を得るブランド NIKE】<br>張りのあるオーバーレイ、大胆なアクセント、最適度の光沢といったエア フォースワンならではの要素が詰まった、エア フォースワン ハイ 07が登場。パッドを入れたハイカットの履き口に、クラシックな面ファスナーをプラスし、伝説のバスケットボールシューズならではの快適性を実現しています。つま先に通気孔を施しているので、クールな着用感が持続します。こちらは全体を白でまとめたシンプルなカラーリング。<br><br>■ブランド名 / 商品名<br>NIKE ナイキ / AIR FORCE 1 HIGH 07 CW2290-111<br><br>■カラー<br>WHITE/WHITE<br><br>■素材 / 仕様<br>アッパー：天然皮革 合成皮革 合成繊維<br>アウトソール：ゴム底<br><br>■生産国<br>-,9,スニークオンラインショップ,https://store.shopping.yahoo.co.jp/sneak/,Yahoo,
https://store.shopping.yahoo.co.jp/metaballer/dv7186-301.html,NIKE AIR FORCE 1 07 LX NBHD DV7186 301 メンズ カーキ 深緑 ナイキ エア フォース ワン カジュアル シューズ,15400,,,・タンブルレザー。 上質なキャンバス素材。 スタイリングしやすいカラー。<br>・控えめな主張で、スタイルに完璧な輝きをプラスするAF1。<br>・80年代を彷彿とさせる構造で、人気の要素をすべて盛り込んだ現代的なスタイルの定番アイテム。<br><br>深みのあるグリーンが特徴の“Sequoia”<br><br>エアフォース,1,メタボーラー,https://store.shopping.yahoo.co.jp/metaballer/,Yahoo,0196608065722
https://store.shopping.yahoo.co.jp/joyfoot/fj7066-114.html,ナイキ エアフォースワン '07 PRM ホワイト/ホワイト-アイスブルー  メンズ スニーカー NIKE AIR FORCE 1 '07 PRM WHITE/WHITE-ICE BLUE fj7066-114,38900,,,"※海外輸入品の為、外箱の状態があまりよくありません。<br>凹みやテープで補強したような跡がある場合がございます。<br>商品本体には問題はありませんので予めご了承の上でのご検討宜しくお願い致します。<br><br>■商品説明<br>・誕生から40年目を迎えたNIKEの不動の名作モデル""AIR FORCE 1""<br><br>・ライニングとインソールの両方にビーチのような色合いのグラデーションが配色され、<br>グリーンのクリアジェリーアウトソールを装備。<br><br>・スウッシュにはリフレクティブでパターンが浮かび、アイステイにはカラフルなリングレットに置き換えられている。<br><br>・サマーシーズンにピッタリな1足となっています。<br><br>■商品名<br>AIR FORCE 1 '07 PRM<br><br>■商品番号<br>FJ7066-114<br><br>■カラー<br>WHITE/WHITE-ICE BLUE<br><br>■注意事項<br>当店では姉妹店と在庫を共有している為に<br>ご注文が確定した後でも<br>在庫の欠品が発生する可能性もございます。<br><br>■備考<br>海外輸入商品となりますので、外箱にキズやヘコみ、<br>マーキング等がある場合がございます。<br>国内品に付属する商品タグは付属致しません。<br>あらかじめご了承のうえご注文いただきますようよろしくお願い致します。",0,JOYFOOT SNEAKER ONLINE SHOP,https://store.shopping.yahoo.co.jp/joyfoot/,Yahoo,
https://store.shopping.yahoo.co.jp/goldtakeoff7/fz5052-131.html,"ナイキ スニーカー メンズ エアフォース1 イヤーオブザドラゴン セイル/グリーン NIKE AIR FORCE 1 '07 ""YEAR OF THE DRAGON"" SAIL/VAPOR GREEN-WHITE",32800,,,"■商品説明<br>誕生から40年目を迎えたNIKEの不動の名作モデル""AIR FORCE 1""から、2024年の干支である「辰」をオマージュしたカラーリングが登場。<br><br>特徴的なのは龍のウロコのような質感のスウッシュや、""あらゆる願いを成就させる""とされる、龍が持つ宝玉、""如意宝珠(ドラゴンボール)""を模した煌びやかなデュブレが眩い輝きを放つ。<br><br>オフホワイトをベースにポイントで鮮やかなカラーがあしらわれた、季節問わず着用できる記念モデル。<br><br>■商品名<br>AIR FORCE 1 '07<br><br>■商品番号<br>FZ5052-131<br><br>■カラー<br>SAIL/VAPOR GREEN-WHITE<br><br>■注意事項<br>当店では姉妹店と在庫を共有している為、ご注文が確定した後でも在庫の欠品が発生する可能性がございます。<br><br>■備考<br>海外輸入商品となりますので、外箱にキズやヘコみ等がある場合がございます。<br>国内品に付属する黒タグは付属致しません。",0,TAKE OFF ONLINE,https://store.shopping.yahoo.co.jp/goldtakeoff7/,Yahoo,
https://store.shopping.yahoo.co.jp/eco-styles-honey/fv3647-171.html,NIKE AIR FORCE 1 LV8 (GS) ナイキ エア フォース ワン レディース スニーカー ホワイト カーキ fv3647-171,13500,,,■商品説明<br>NIKE AIR FORCE 1 (GS) ナイキ エア フォース レディース スニーカー シューズ 靴 ガールズ キッズ 子供 オールシーズン バスケットシューズ 部活 通勤 通学 普段履き<br>パッド入りの履き口の裏地に心地良いフリース素材を使用し暖かく秋冬に活躍。様々な素材やカラーリングで楽しく履ける1足です。 <br><br>■カラー<br>ホワイト カーキ 白 緑<br><br>■原産国<br>インドネシア<br><br>■素材<br>甲：天然皮革・合成繊維<br>底：ゴム底<br><br>■サイズ<br>22.5cm 23cm 23.5cm 24cm 24.5cm 25cm<br><br>■ご購入前に必ずご確認ください<br>当店での取扱商品の大半は海外より並行輸入の商品となります。その為、ボックスのダメージやサインペンでのマーキングがある商品、タグがついていない商品もございます。これら理由での返品・交換は受け付けておりませんのでご了承ください。プレゼントなどで靴箱等の状態を気になさるお客様は、ご注文前にお問い合わせ下さいますようお願いいたします。<br><br>※商品の画像につきましてはお客様がご利用になられるモニターの色の違いや光の関係により実際の商品の色合いと異なる場合がございます。予めご了承ください。,0,HONEY,https://store.shopping.yahoo.co.jp/eco-styles-honey/,Yahoo,
https://store.shopping.yahoo.co.jp/shopbring/9024c280032.html,ナイキ  エアフォースワン アメリカ独立記念日モデル ローカットスニーカー ブラック US9/27cm 789104-001,16500,,,[商品番号]9024C280032<br>[ブランド]NIKE（ナイキ）<br>[モデル]AIR FORCE 1 LV8 VT INDEPENDENCE DAY エアフォースワン アメリカ独立記念日モデル ローカットスニーカー ブラック US9/27cm 789104-001<br>[販売店舗]BRING オンラインショップ,0,BRING Yahoo!ショップ,https://store.shopping.yahoo.co.jp/shopbring/,Yahoo,
https://store.shopping.yahoo.co.jp/universal-cl-store/2009-067.html,エアフォースワン 模型飛行機 USA アメリカ 大統領 専用飛行機 航空 模型 飛行機 プレゼント LED点灯 ランディングギア 専用スタンド付き 模型飛行機 インテリア,13800,,,アメリカ合衆国大統領専用機 模型飛行機<br><br>専用スタンド、LEDライト、ランディングギア付き<br>夜間飛行のライトの点灯は、手をたたくなどの音や振動に反応して数秒の間点灯します。<br>※USBケーブルによる充電式です。<br><br>【素材】<br>・ABS樹脂合成素材<br>・合金<br><br>【詳細】<br>・全長：約47cm<br>・全幅：約42cm　<br>・高さ:約20<br>・スケール：1/150<br>＊測り方により誤差ある場合がございます。<br>＊充電ケーブル(micro USB Type-B)<br><br>【お取引について】<br>・お使いのモニター環境により、商品の色の見え方がイメージと異なる場合がございます。<br>・発送前に再度検品しておりますが、海外製品は日本製品の品質や検品基準と異なります。<br>その為商品に多少の小さな傷や汚れがある場合がございます。<br>また、箱やパッケージにも輸送時による汚れやダメージがある場合がございますが、<br>中身に問題なく新品未使用品です。<br>以上、予めご了承くださいますようお願いいたします。,0,UNIVERSAL SHOP,https://store.shopping.yahoo.co.jp/universal-cl-store/,Yahoo,
https://store.shopping.yahoo.co.jp/shoety/nike-wmns-airforce1-07-white-melontint-black.html,NIKE Wmns Air Force 1 '07 white/melon tint/black ナイキ ウィメンズ エアフォースワン ホワイト オレンジ メロン イエロー レザー ロー アメリカ 海外 限定,14900,,,NIKE (ナイキ) の wmns air force 1 07 (ウィメンズ エアフォースワン 07) です。<br>エアフォースワンの限定カラー。<br>ホワイトレザーがベースのアッパーです。<br>ライトオレンジのスウォッシュです。,0,SHOETY,https://store.shopping.yahoo.co.jp/shoety/,Yahoo,
https://store.shopping.yahoo.co.jp/goldtakeoff7/fv3616-101.html,"ナイキ スニーカー メンズ エアフォース1 モルテンメタル ホワイト メタリック NIKE AIR FORCE 1 '07 PRM 2 ""Molten Metal"" WHITE/METALLIC SILVER-WHITE",59800,,,■商品説明<br>サイドのスウッシュやアイステイなどにクロームの光り輝くメタリックパーツが散りばめられたアーティスティックな一足が登場。<br><br>オールホワイトのシンプルなベースにさながら仮面のごとく配されたパーツが目を惹く仕上がりに。<br><br>現時点では日本未発売モデルの為、希少なモデルとなっている。<br><br>■商品名<br>AIR FORCE 1 '07 PRM 2<br><br>■商品番号<br>FV3616-101<br><br>■カラー<br>WHITE/METALLIC SILVER-WHITE<br><br>■注意事項<br>当店では姉妹店と在庫を共有している為、ご注文が確定した後でも在庫の欠品が発生する可能性がございます。<br><br>■備考<br>海外輸入商品となりますので、外箱にキズやヘコみ等がある場合がございます。<br>国内品に付属する黒タグは付属致しません。,0,TAKE OFF ONLINE,https://store.shopping.yahoo.co.jp/goldtakeoff7/,Yahoo,
https://store.shopping.yahoo.co.jp/ltd-online/fj4146-103.html,ナイキ エアフォース 1 07 NIKE AIR FORCE 1 07 white/photo blue-white fj4146-103 スニーカー ホワイト フォトブルー AF1,17999,,,"NIKE AIR FORCE 1 07 white/photo blue-white fj4146-103&lt;br&gt;<br>&lt;BR&gt;<br>1982年、後にAIR JORDAN 1、2などを手がけることになるブルースギルゴアがデザインしたバスケットボールシューズ""AIR FORCE 1(エアフォースワン)""。アメリカ大統領専用機の名称である""エアフォース1(AIR FORCE 1)""にちなみ命名され、今やナイキの顔であり、スニーカーのアイコンモデルのひとつとして世界中で絶大な人気を誇るエアフォース1。AIRを搭載した確かな履き心地、シンプルなデザイン、多彩なカラーとディテールバリエーション、そして無限に増殖する限定モデルが物欲を刺激するスニーカー。そんな""AIR FORCE 1""よりNEWカラーが登場。今作はホワイトベースに鮮やかなフォトブルーカラーの差し色を加えたシンプルでフレッシュな一足。大定番の""AIR FORCE 1""のNEWカラーは""AIR FORCE""フリークをはじめ、スニーカーファン必見の一足となります。この機会をお見逃し無く。",0,LTD Online,https://store.shopping.yahoo.co.jp/ltd-online/,Yahoo,
https://store.shopping.yahoo.co.jp/goldtakeoff7/fq4296-100.html,ナイキ スニーカー メンズ エアフォースワン '07 ホワイト/アクエリアスブルー NIKE AIR FORCE 1 ’07 WHITE/WHITE/AQUARIUS BLUE,26800,,,"■商品説明<br>1982年より今も愛され続けるNIKEの不動の名作モデル""AIR FORCE 1""よりミニマルな装飾に留めた一足が登場。<br><br>今作はホワイトをベースとするローカットにスウッシュとアウトソールには清涼感のあるブルーを採用。<br><br>アイステイのスモールスウッシュとデュブレで僅かに飾っているが、それすらも歴代の仕様にリスペクトを感じさせる1足となっている。<br><br>■商品名<br>AIR FORCE 1 '07<br><br>■商品番号<br>FQ4296-100<br><br>■カラー<br>WHITE/WHITE/AQUARIUS BLUE<br><br>■注意事項<br>当店では姉妹店と在庫を共有している為、ご注文が確定した後でも在庫の欠品が発生する可能性がございます。<br><br>■備考<br>海外輸入商品となりますので、外箱にキズやヘコみ、マーキング等がある場合がございます。<br>国内製品の黒タグは付属しません。",0,TAKE OFF ONLINE,https://store.shopping.yahoo.co.jp/goldtakeoff7/,Yahoo,
https://store.shopping.yahoo.co.jp/goldtakeoff7/fv3700-112.html,ナイキ スニーカー レディース ウィメンズ エアフォースワン セイル/カーキ-カカオワォ NIKE WMNS AIR FORCE 1 '07 LX SAIL/SAIL-KHAKI-CACAO WOW,24800,,,"■商品説明<br>""AIR FORCE 1""から新作のレディースモデルが登場。<br><br>オフホワイトアッパーをベースに、サイドパネルにはブローグ(穴飾り)と、アイステイパーツにはエッジをギザギザにカットしたギンピング加工を施した。<br><br>ヒールタブにはチェックやストライプなどのパッチワークを配し、蝋引き加工のラウンドレースに輝くシルバーのデュブレでフォーマルなスタイルに。<br><br>チョコレートの高級パッケージのようなスニーカー。<br><br>■商品名<br>WMNS AIR FORCE 1 '07 LX<br><br>■商品番号<br>FV3700-112<br><br>■カラー<br>SAIL/SAIL-KHAKI-CACAO WOW<br><br>■注意事項<br>当店では姉妹店と在庫を共有している為、ご注文が確定した後でも在庫の欠品が発生する可能性がございます。<br><br>■備考<br>海外輸入商品となりますので、外箱にキズやヘコみ等がある場合がございます。<br>※ナイキジャパンの黒タグは付属致しません。",0,TAKE OFF ONLINE,https://store.shopping.yahoo.co.jp/goldtakeoff7/,Yahoo,
https://store.shopping.yahoo.co.jp/orange-orange/314192-113.html,NIKE ナイキ AIR FORCE 1 エアフォースワン GS WHITE WHITE 314192-113,16980,,,【状態】　新品<br><br>NIKE AIR FORCE 1 GS WHITE WHITE<br>ナイキ エアフォース1 ホワイト<br><br>【サイズ】　Big Kid(Youth) キッズ レディース メンズ<br><br>3.5Y　(22.5cm)<br>4Y　　(23cm)<br>4.5Y　(23.5cm)<br>5Y　　(23.5cm)<br>5.5Y　(24cm)<br>6Y　　(24cm)<br>6.5Y　(24.5cm)<br>7Y　　(25cm)<br><br>★表示されていないサイズに関しましては、お探しすることもできますので、<br>お気軽にお問い合わせください！<br><br>※当商品は海外取り寄せとなりますので、到着まで2週間前後お時間をいただいております。<br>海外の配送状況等により遅れることもございます。<br>海外輸入製品につき、外箱にダメージあるいは箱がない場合がございます。<br>商品自体は何も問題ありませんので、ご了承ください。<br><br>※海外の在庫数は常に変動しておりますので、<br>ご注文いただいた後にキャンセルとなってしまう場合もございます。<br>予めご了承ください。,0,ToriDollJAPAN,https://store.shopping.yahoo.co.jp/orange-orange/,Yahoo,
https://store.shopping.yahoo.co.jp/vectorpremium/037-902405040009.html,ナイキ NIKE AIR FORCE 1 '07 CR7 CRISTIANO RONALDO GOLDEN PATCHWORK 27.5cm AQ0666-100 エア フォース ワン クリスティアーノ ロナウド2,30800,,,ナイキ NIKE AIR FORCE 1 '07 CR7 CRISTIANO RONALDO GOLDEN PATCHWORK 27.5cm AQ0666-100 エア フォース ワン クリスティアーノ ロナウド240515<br><br>【ブランド】ナイキ NIKE<br>【表記サイズ】27.5cm<br>【実寸サイズ】最大幅：10cm　アウトソール：29.5cm　※実寸サイズを記載しておりますので、サイズに関するご質問はお答え致しかねます。　<br>【色】白×金　※モニター環境や個人差などで色味に若干の相違がある場合がございますので、ご理解ご了承くださいませ。<br>【状態】スレなどの若干の着用感が感じられますが まだまだご着用していただけるお品物かと思われます。また、商品は状態確認の上での出品ですが、見落とし等ある可能性がございますので神経質な方はご入札をお控えください。　※あくまで中古品ですので新品の状態とは異なる商品もあります。また、店頭でも販売しておりますので、記載に無い細かなキズや汚れが見受けられる場合がございます。予めご了承下さいませ。　　※店頭試着はお断りしております。　　※商品は写真または説明欄に記載のない付属品などは付属しませんのでよろしくお願い致します。掲載画像をご確認の上、ご不明点は事前にお問い合わせください,0,ブランド古着販売のベクトル,https://store.shopping.yahoo.co.jp/vectorpremium/,Yahoo,
https://store.shopping.yahoo.co.jp/denkizoku/aq3692-001.html,ナイキ×ピースマイナスワン エアフォースワン パラノイズ ローカットスニーカー ブラック AQ3692-001 US6.5/23.5cm,51800,,,※中品ではありますが、履く機会が少なく美品となっております。商品状態については、現物画像は６枚目までとなっています、ごを参考してください。返品不可商品となっております、ご了承ください。付属品は一切ありません。<br><br>[ブランド]NIKE（ナイキ）<br>[モデル]×PEACEMINUSONE AIR FORCE 1 LOW PARA NOISE ピースマイナスワン エアフォースワン パラノイズ ローカットスニーカー ブラック AQ3692-001 US6.5/23.5cm<br>表記サイズ：23.5cm<br>【素材】天然皮革　合成皮革　底 ゴム底<br>【色】黒 ブラック<br>,0,電貴族,https://store.shopping.yahoo.co.jp/denkizoku/,Yahoo,
https://store.shopping.yahoo.co.jp/goldtakeoff7/fz3597-133.html,ナイキ スニーカー レディース ウィメンズ エアフォース ワン '07 セイル/ビンテージグリーン/セサミ NIKE WMNS AIR FORCE 1 '07 SAIL/SESAME/VINTAGE GREEN,21800,,,"■商品説明<br>""AIR FORCE 1""から新作のレディースモデルが登場。<br><br>乳白色の、""ココナッツミルク""のアッパーに、サイドのスウッシュとソールには、""ヘンプ""のナチュラルカラーを加えてベースを構成。<br><br>ソールはミッドソールとアウトソールを一体化し足元を強調。ヒールには、""SWOOSH &amp; AIR""の、2000年前後に見られたロゴと同様のデザインを配置した。<br><br>■商品名<br>WMNS AIR FORCE 1 '07<br><br>■商品番号<br>FZ3597-133<br><br>■カラー<br>SAIL/SESAME/VINTAGE GREEN<br><br>■注意事項<br>当店では姉妹店と在庫を共有している為、ご注文が確定した後でも在庫の欠品が発生する可能性がございます。<br><br>■備考<br>海外輸入商品となりますので、外箱にキズやヘコみ等がある場合がございます。<br>※ナイキジャパンの黒タグは付属致しません。",0,TAKE OFF ONLINE,https://store.shopping.yahoo.co.jp/goldtakeoff7/,Yahoo,
https://store.shopping.yahoo.co.jp/sneeze/fz3592-259.html,NIKE AIR FORCE 1 07 CACAO WOW FZ3592-259 Cacao Wow/Coconut Milk/Vintage Green/Sail ナイキ エアフォース ワン ロー カカオワオ ブラウン メンズ スニーカー,16170,,,,0,Sneeze,https://store.shopping.yahoo.co.jp/sneeze/,Yahoo,
https://store.shopping.yahoo.co.jp/ltd-online/hf1058-133.html,ナイキ ウィメンズ エアフォース 1 07 エッセンシャル NIKE WMNS AIR FORCE 1 07 ESS TRK3 sail/sail-black hf1058-133 レディース スニーカー セイル,19999,,,"NIKE WMNS AIR FORCE 1 07 ESS TRK3 sail/sail-black hf1058-133&lt;br&gt;<br>&lt;BR&gt;<br>ナイキの顔であり、世界中で絶大な人気を誇る""エアフォース 1""。シンプルなデザイン、多彩なカラーとディテール・バリエーション、そして無限に増殖する限定モデルが物欲を刺激するそんな""AIR FORCE 1""より、ウィメンズ企画のNEWカラーが登場。今作は、絶妙なセイルベースのアッパーに、ブラックのスウッシュ刺繍をトゥサイドに刻印したシンプルなデザイン!!定番のAF1にワンギミックを効かせたウィメンズモデルらしい一足になっています。""AIR FORCE""フリークをはじめ、スニーカーファン必見の今作!!この機会を是非お見逃し無く!!&lt;BR&gt;",0,LTD Online,https://store.shopping.yahoo.co.jp/ltd-online/,Yahoo,
https://store.shopping.yahoo.co.jp/shopbring/9024c100009.html,NIKE ナイキ AIR FORCE 1 07 エア フォース ワン ローカットスニーカー ブラック/ホワイト US9.5/27.5cm DV0788-001,14630,,,[商品番号]9024C100009<br>[ブランド]NIKE（ナイキ）<br>[モデル]AIR FORCE 1 07 エア フォース ワン ローカットスニーカー ブラック/ホワイト US9.5/27.5cm DV0788-001<br>[販売店舗]BRING オンラインショップ,0,BRING Yahoo!ショップ,https://store.shopping.yahoo.co.jp/shopbring/,Yahoo,
https://store.shopping.yahoo.co.jp/rinkan/15379-240428-0172.html,ナイキ NIKE AIR FORCE 1 07 WB FLAX CJ9179-200 サイズ:27.5cm エアフォース ワンローフラックス ウィートスニーカー 中古 BS99,14300,,,ブランド：ナイキ/NIKE<br>商品名： AIR FORCE 1 07 WB FLAX CJ9179-200 エアフォース ワンローフラックス ウィートスニーカー<br>サイズ：27.5cm<br>状態ランク：B<br>カラー：ブラウン,0,RINKAN,https://store.shopping.yahoo.co.jp/rinkan/,Yahoo,
https://store.shopping.yahoo.co.jp/joyfoot/dz2709-100.html,ナイキ ウィメンズ エアフォース ワン LX レディース NIKE WMNS AIR FORCE 1 LX WHITE/HEMP-BLACK-SUMMIT WHITE dz2709-100,29800,,,"■商品説明<br>1982年より今も愛され続けるNIKEの不動の名作モデル""AIR FORCE 1""からウィメンズ向けのニューカラーが登場。<br><br>過去にとらわれず、勇敢で新しい喜びによって書き換えられていく団結をテーマに、女子フットボールの新しい夜明けを讃えたNIKE UNITEDパック。<br><br>日の出に染まる夜明けの空を思わせる淡い色調をベースに、NIKE UNITEDのイニシャルを象ったモノグラムが施されている<br><br>■商品名<br>WMNS AIR FORCE 1 LX<br><br>■商品番号<br>dz2709-100<br><br>■カラー<br>WHITE/HEMP-BLACK-SUMMIT WHITE<br><br>■注意事項<br>当店では姉妹店と在庫を共有している為に<br>ご注文が確定した後でも<br>在庫の欠品が発生する可能性もございます。<br><br>■備考<br>海外輸入商品となりますので、外箱にキズやヘコみ等がある場合がございます。<br>国内品に付属する黒い商品タグの付属がない状態が正常の状態となっております。<br>ご了承の上ご注文いただきますようよろしくお願い致します。",0,JOYFOOT SNEAKER ONLINE SHOP,https://store.shopping.yahoo.co.jp/joyfoot/,Yahoo,
https://store.shopping.yahoo.co.jp/ltd-online/fd7039-100.html,ナイキ エアフォース 1 ロー レトロ QS NIKE AIR FORCE 1 LOW RETRO QS white/university gold fd7039-100 スニーカー AF1 ホワイト イエローガム,15999,,,"NIKE AIR FORCE 1 LOW RETRO QS white/university gold fd7039-100&lt;BR&gt;<br>&lt;BR&gt;<br>1982年、後にAIR JORDAN 1、2などを手がけることになるブルースギルゴアがデザインしたバスケットボールシューズ""AIR FORCE 1(エアフォースワン)""。アメリカ大統領専用機の名称である""エアフォース1(AIR FORCE 1)""にちなみ命名され、今やナイキの顔であり、スニーカーのアイコンモデルのひとつとして世界中で絶大な人気を誇るエアフォース1。AIRを搭載した確かな履き心地、シンプルなデザイン、多彩なカラーとディテールバリエーション、そして無限に増殖する限定モデルが物欲を刺激するスニーカー。そんなFORCE 1より、COLOR OF THE MONTHコレクションを踏襲したNEWカラーが登場。クリーンなホワイトにユニバーシティゴールド(イエロー)の差し色、飴色のガムアウトソールを組み合わせ、シンプルなデザインながらAF1の可能性を引き出した美配色!!大定番のFORCE1から要注目の名作復刻はAIR FORCEフリーク必見です!!この機会に是非チェックしてみて下さい。",0,LTD Online,https://store.shopping.yahoo.co.jp/ltd-online/,Yahoo,
https://store.shopping.yahoo.co.jp/graiz/rc-it967kf58i7o-jfis.html,28.5cm NIKE × SUPREME NBA Air Force 1 Mid '07 Black AQ8017-001 ナイキ シュプリーム エアフォースワン ブラック スニーカー,22000,,,【ブランド名】<br>NIKE × SUPREME (ナイキ シュプリーム)<br><br>【商品名】<br>Air Force 1 Mid '07 Black AQ8017-001<br><br>【カラー】<br>ブラック<br><br>【付属品・素材】<br>画像参照<br><br>【サイズ】<br>28.5cm<br><br>【寸法】<br><br><br>【ランク】<br>BC<br><br>【状態】<br>気にならない程度の汚れや染みが見受けられるお品<br>履き皺があります。擦れ傷や汚れがあります。<br><br>※あくまでも中古品であることをご了承ください。<br><br>【管理番号】<br>IT967KF58I7O,0,GRAIZ ブランド古着のセレクトショップ,https://store.shopping.yahoo.co.jp/graiz/,Yahoo,
https://store.shopping.yahoo.co.jp/sneeze/dv3808-107.html,NIKE WMNS AIR FORCE 1 '07 NEXT NATURE DV3808-107 WHITE/DUSTY CACTUS ナイキ ウィメンズ エアフォース ワン 07 ロー ホワイト 定番 レディース スニーカー,17270,,,,0,Sneeze,https://store.shopping.yahoo.co.jp/sneeze/,Yahoo,
https://store.shopping.yahoo.co.jp/joshin/4523231620169-52-27580.html,エアフォースワン 1/ 48 中国人民解放軍陸軍 多用途中型ヘリコプター Z-20(AF0159)塗装済完成品 返品種別B,13838,,,在庫状況：お取り寄せ/2021年05月 発売/※画像はイメージです。実際の商品とは異なる場合がございます。エアフォースワン 1/48 中国人民解放軍陸軍 多用途中型ヘリコプター Z-20です。,0,Joshin web,https://store.shopping.yahoo.co.jp/joshin/,Yahoo,4523231620169
https://store.shopping.yahoo.co.jp/ltd-online/do9785-200.html,ナイキ エアフォース 1 07 プレミアム ヴィンテージ NIKE AIR FORCE 1 07 PREMIUM VINTAGE pecan/black-pecan-pha orange do9785-200 ペカン ブラウン,17999,,,"NIKE AIR FORCE 1 07 PREMIUM VINTAGE pecan/black-pecan-pha orange do9785-200<br><br>1982年、後にAIR JORDAN 1、2などを手がけることになる""ブルース・ギルゴア""がデザインしたバスケットボールシューズ""AIR FORCE 1(エアフォースワン)""。アメリカ大統領専用機の名称である""エアフォース1(AIR FORCE 1)""にちなみ命名され、今やナイキの顔であり、スニーカーのアイコンモデルのひとつとして世界中で絶大な人気を誇る""エアフォース 1""。AIRを搭載した確かな履き心地、シンプルなデザイン、多彩なカラーとディテールバリエーション、そして無限に増殖する限定モデルが物欲を刺激するスニーカー。そんなFORCE 1より、ヴィンテージテイストな雰囲気に、ジェルスウッシュを採用したNEWカラーが登場。ピーカンカラーのアッパーに、ココナッツミルクカラーの生成りソール、サイドのジェルスウッシュデザインがこなれ感を演出します!!大定番のFORCE1の特別仕様としてAF1フリークをはじめ、すべてのスニーカーヘッズにもオススメの一足となります!!是非お見逃し無く!!",1,LTD Online,https://store.shopping.yahoo.co.jp/ltd-online/,Yahoo,
https://store.shopping.yahoo.co.jp/sneeze/dd8959-103.html,NIKE WMNS AIR FORCE 1 '07 DD8959-103 WHITE/BLACK-WHITE ナイキ ウィメンズ エアフォース ワン 07 ロー ホワイト ブラック メンズ レディース スニーカー,14800,,,,1,Sneeze,https://store.shopping.yahoo.co.jp/sneeze/,Yahoo,
https://store.shopping.yahoo.co.jp/joyfoot/fn6335-101.html,ナイキ ウィメンズ エアフォース ワン シャドウ NIKE WMNS AIR FORCE 1 SHADOW SAIL/ALABASTER/PALE IVORY/OIL GREEN fn6335-101,24500,,,"■商品説明<br>1982年より今も愛され続けるNIKEの不動の名作モデル""AIR FORCE 1""から話題の新作ウィメンズシリーズ""SHADOW""が登場。<br><br>今作ではアイコニックなAF1を次世代の女性に向け新たにデザイン。2つのアイステイ、2つのマッドガード、2つのバックタブ、2つのSwooshなどレイヤードスタイルのデザインでアレンジした一足。<br><br>通常のソールより厚底に設計されたソールにはファイロンを採用し、軽量でスタイリッシュなバランスがとれたデザインに仕上げられている。<br><br>※こちらは日本未発売、海外限定カラー。<br><br>■商品名<br>W AF1 SHADOW<br><br>■商品番号<br>fn6335-101<br><br>■カラー<br>SAIL/ALABASTER/PALE IVORY/OIL GREEN<br><br>■注意事項<br>当店では姉妹店と在庫を共有している為に<br>ご注文が確定した後でも<br>在庫の欠品が発生する可能性もございます。<br><br>■備考<br>海外輸入商品となりますので、外箱にキズやヘコみ等がある場合がございます。<br>国内品に付属する黒い商品タグの付属がない状態が正常の状態となっております。<br>ご了承の上ご注文いただきますようよろしくお願い致します。",0,JOYFOOT SNEAKER ONLINE SHOP,https://store.shopping.yahoo.co.jp/joyfoot/,Yahoo,
https://store.shopping.yahoo.co.jp/orange-orange/dh4406-100.html,ナイキ NIKE エアフォース ワン Air Force 1 07 Essential Low Shoes Casual Sneakers DH4406-100 ローカット レディース White Worn Blue Paisley,29800,,,【状態】 新品<br><br>NIKE Air Force 1 07 Essential Low Shoes Casual Sneakers Running White Worn Blue Paisley DH4406-100<br>エアフォース ワン エッセンシャル シューズ カジュアル スニーカー ランニング ローカット ホワイト ウォーム ブルー ペイズリー<br><br>【サイズ】 レディース<br><br>US5    (22cm)<br>US5.5  (22.5cm)<br>US6    (23cm)<br>US6.5  (23.5cm)<br>US7    (24cm)<br>US7.5  (24.5cm)<br>US8    (25cm)<br>US8.5  (25.5cm)<br>US9    (26cm)<br>US9.5  (26.5cm)<br>US10   (27cm)<br>US10.5 (27.5cm)<br>US11   (28cm)<br>US11.5 (28.5cm)<br>US12   (29cm)<br><br>★表示されていないサイズに関しましては、お探しすることもできますので、<br>お気軽にお問い合わせください！,2,ToriDollJAPAN,https://store.shopping.yahoo.co.jp/orange-orange/,Yahoo,
https://store.shopping.yahoo.co.jp/eco-styles-honey/fj4908-100.html,NIKE AIR FORCE 1 SP ナイキ エアフォース ワン メンズ スニーカー ホワイト fj4908-100,26500,,,■商品説明<br>NIKE AIR FORCE 1 SP ナイキ エアフォース ワン メンズ スニーカー シューズ 靴 ストリート 部活 通勤 通学 クッション性 履き心地 普段履き<br>高級感のあるスタイリッシュなデザインです。オールホワイトなので何にでも合わせやすいです。<br><br>■カラー<br>ホワイト 白<br><br>■原産国<br>ベトナム<br><br>■素材<br>甲：天然皮革<br>底：ゴム底<br><br>■サイズ<br>25.5cm 26cm 26.5cm 27cm 27.5cm 28cm 28.5cm 29cm<br><br>■ご購入前に必ずご確認ください<br>当店での取扱商品の大半は海外より並行輸入の商品となります。その為、ボックスのダメージやサインペンでのマーキングがある商品、タグがついていない商品もございます。これら理由での返品・交換は受け付けておりませんのでご了承ください。プレゼントなどで靴箱等の状態を気になさるお客様は、ご注文前にお問い合わせ下さいますようお願いいたします。<br><br>※商品の画像につきましてはお客様がご利用になられるモニターの色の違いや光の関係により実際の商品の色合いと異なる場合がございます。予めご了承ください。,0,HONEY,https://store.shopping.yahoo.co.jp/eco-styles-honey/,Yahoo,
https://store.shopping.yahoo.co.jp/iponnetshop/aq3692-001.html,NIKE ナイキ×ピースマイナスワン エアフォースワン パラノイズ ローカットスニーカー ブラック AQ3692-001 US6.5/23.5cm,51800,,,※中品ではありますが、履く機会が少なく美品となっております。商品状態については、現物画像は６枚目までとなっています、ごを参考してください。返品不可商品となっております、ご了承ください。付属品は一切ありません。<br><br><br>[ブランド]NIKE（ナイキ）<br>[モデル]×PEACEMINUSONE AIR FORCE 1 LOW PARA NOISE ピースマイナスワン エアフォースワン パラノイズ ローカットスニーカー ブラック AQ3692-001 US6.5/23.5cm<br>表記サイズ：23.5cm<br>【素材】天然皮革　合成皮革　底 ゴム底<br>【色】黒 ブラック,0,アイポンネットエクシボネットプラン,https://store.shopping.yahoo.co.jp/iponnetshop/,Yahoo,
https://store.shopping.yahoo.co.jp/joshin/4523231620114-52-27580.html,エアフォースワン 1/ 72 F-35A ライトニング2 ”AF-01 試作2号機”(AF10008A)塗装済完成品 返品種別B,9163,,,在庫状況：お取り寄せ/2020年09月 発売/※画像はイメージです。実際の商品とは異なる場合がございます。エアフォースワン 1/72 F-35A　ライトニング2　”AF-01　試作2号機”です。,0,Joshin web,https://store.shopping.yahoo.co.jp/joshin/,Yahoo,4523231620114
https://store.shopping.yahoo.co.jp/joyfoot/fz5068-161.html,ナイキ ウィメンズ エアフォース ワン ロー NIKE WMNS AIR FORCE 1 LOW Valentines Day 2024 SAIL/TEAM RED/MEDIUM SOFT PINK/GYM RED fz5068-161,26800,,,"■商品説明<br>・1982年より今も愛され続けるNIKEの不動の名作モデル""AIR FORCE 1""からバレンタインデーをデザインモチーフにしたカラーが入荷。<br><br>・サイドのスウッシュはクリアラバーで内部にはきらめきを放つハートのチップが埋め込まれていて、シューレースにはハートと星、さらに花をかたどったプラパーツが付属。<br><br>・ヒールタブは花とハートをデザインしたロゴを配置した日本未発売海外限定カラー。<br><br>■商品名<br>WMNS AIR FORCE 1 LOW<br><br>■商品番号<br>fz5068-161<br><br>■カラー<br>SAIL/TEAM RED/MEDIUM SOFT PINK/GYM RED<br><br>■注意事項<br>当店では姉妹店と在庫を共有している為に<br>ご注文が確定した後でも<br>在庫の欠品が発生する可能性もございます。<br><br>■備考<br>海外輸入商品となりますので、外箱にキズやヘコみ等がある場合がございます。<br>国内品に付属する黒い商品タグの付属がない状態が正常の状態となっております。<br>ご了承の上ご注文いただきますようよろしくお願い致します。",0,JOYFOOT SNEAKER ONLINE SHOP,https://store.shopping.yahoo.co.jp/joyfoot/,Yahoo,
https://store.shopping.yahoo.co.jp/orange-orange/cw1577-100.html,ナイキ NIKE エアフォース ワン Air Force 1 LV8 ‘Digital Swoosh’ Low Shoes GS Grade School Casual Sneakers CW1577-100 ローカット White Blue,25880,,,【状態】 新品<br><br>NIKE Air Force 1 LV8 ‘Digital Swoosh’ Low Shoes GS Grade School Casual Sneakers Running White Blue CW1577-100<br>エアフォース ワン デジタル スウォッシュ シューズ ジーエス グレード スクール カジュアル スニーカー ランニング ローカット トリプル ホワイト<br><br>【サイズ】 Big Kid(Youth) キッズ レディース メンズ<br><br>3Y   (22cm)<br>3.5Y (22.5cm)<br>4Y   (23cm)<br>4.5Y (23.5cm)<br>5Y   (23.5cm)<br>5.5Y (24cm)<br>6Y   (24cm)<br>6.5Y (24.5cm)<br>7Y   (25cm)<br><br>★表示されていないサイズに関しましては、お探しすることもできますので、<br>お気軽にお問い合わせください！,0,ToriDollJAPAN,https://store.shopping.yahoo.co.jp/orange-orange/,Yahoo,
https://store.shopping.yahoo.co.jp/orange-orange/314219-127.html,NIKE ナイキ AIR FORCE 1 エアフォースワン GS Summit White Metallic Gold Star ゴールド 314219-127,29980,,,【状態】　新品<br><br>NIKE AIR FORCE 1 GS Summit White Metallic Gold Star<br>ナイキ エアフォース1 ホワイト<br><br>【サイズ】　Big Kid(Youth) キッズ レディース メンズ<br><br>3.5Y　(22.5cm)<br>4Y　　(23cm)<br>4.5Y　(23.5cm)<br>5Y　　(23.5cm)<br>5.5Y　(24cm)<br>6Y　　(24cm)<br>6.5Y　(24.5cm)<br>7Y　　(25cm)<br><br>★表示されていないサイズに関しましては、お探しすることもできますので、<br>お気軽にお問い合わせください！<br><br>※当商品は海外取り寄せとなりますので、到着まで2週間前後お時間をいただいております。<br>海外の配送状況等により遅れることもございます。<br>海外輸入製品につき、外箱にダメージあるいは箱がない場合がございます。<br>商品自体は何も問題ありませんので、ご了承ください。<br><br>※海外の在庫数は常に変動しておりますので、<br>ご注文いただいた後にキャンセルとなってしまう場合もございます。<br>予めご了承ください。,0,ToriDollJAPAN,https://store.shopping.yahoo.co.jp/orange-orange/,Yahoo,
https://store.shopping.yahoo.co.jp/vectorpremium/034-902402290002.html,ナイキ NIKE WMNS AIR FORCE 1 '07 SE PRM Valentines day 2020 ウィメンズ エア フォース ワン バレンタイン デイ BV0319-002 25 マルチカ,24200,,,ナイキ NIKE WMNS AIR FORCE 1 '07 SE PRM Valentines day 2020 ウィメンズ エア フォース ワン バレンタイン デイ BV0319-002 25 マルチカラー ▲■<br><br>【ブランド】ナイキ NIKE<br>【表記サイズ】WMNS<br>US8<br>25cm<br><br>※実寸サイズを記載しておりますので、サイズに関するご質問はお答え致しかねます。<br>【実寸サイズ】最大幅：10cm　アウトソール：27.5cm　　<br>【色】マルチカラー　　※色に関してはこの商品の出品者の主観で判断しておりますので、カタログや正規のカラーとは言いまわしが異なる場合があります。<br>【仕様】BV0319-002<br>【状態】箱、国内正規タグ付きの未使用品かと思われます。　　※神経質な方はご購入をお控え下さい。あくまで中古品ですので新品の状態とは異なる商品もあります。　また店頭にて併売しておりますので、出品時と状態が異なる場合がございます。ご了承いただいた上でのご購入をご検討下さい。<br>【付属品】箱、タグ　　写真または説明欄に記載のない付属品などは付属しておりませんので、ご注意頂ますようお願い申し上げます。<br>【備考】★北関東一の品揃え★　販売店は「ベクトル高崎高関店」で検索！　所在地： 〒370-0043 群馬県高崎市高関町345<br>【,0,ブランド古着販売のベクトル,https://store.shopping.yahoo.co.jp/vectorpremium/,Yahoo,
https://store.shopping.yahoo.co.jp/sneeze/fz3552-612.html,NIKE AIR FORCE 1 GS VALENTINE'S DAY FIRE RED/LT CRIMSON-WHITE-PINK FOAM FZ3552-612 ナイキ エアフォース ワン ロー レディース ガールズ キッズ スニーカー,12800,,,,0,Sneeze,https://store.shopping.yahoo.co.jp/sneeze/,Yahoo,
https://store.shopping.yahoo.co.jp/eco-styles-honey/dv0788-104.html,NIKE ナイキ AIR FORCE 1 '07 エアフォース1 メンズ スニーカー ホワイト ブロンズ dv0788-104 AF1,17990,,,■商品説明<br>NIKE ナイキ AIR FORCE 1 '07 エアフォース1 メンズ スニーカー ホワイト ブロンズ dv0788-104 AF1 ナイキ エアフォース ワン シューズ 靴 白 茶 バスケットボール<br>張りのあるレザー、大胆なカラー、適度な光沢によって個性が際立つデザインです。 テクスチャード加工を施したペブルレザー、フレッシュなホワイトのカラーで、伝統のスタイルをプラスしながら、耐久性とサポート性を強化しました。<br><br>■カラー<br>ホワイト 白<br><br>■原産国<br>ベトナム<br><br>■素材<br>甲　天然皮革+合成繊維<br>底　ゴム底<br><br>■サイズ<br>25.5cm 26cm 26.5cm 27cm 27.5cm 28cm 28.5cm 29cm<br><br>,0,HONEY,https://store.shopping.yahoo.co.jp/eco-styles-honey/,Yahoo,
https://store.shopping.yahoo.co.jp/joyfoot/fn0369-101.html,ナイキ エアフォースワン '07 プレミアム メンズ スニーカー NIKE AIR FORCE 1 '07 PRM 耐克(NAI-KE) PALE IVORY/PHANTOM-PALE IVORY,34800,,,"■商品説明<br>・誕生から40年目を迎えたNIKEの不動の名作モデル""AIR FORCE 1""<br><br>・中国語でナイキを表す、"" 耐克(NAI-KE)""ロゴを備えた日本未発売カラー。<br><br>・耐克""ロゴを備えたヒールタブとサイドパネルには編み込んだネットを配し、ロープレースには、""NAI-KE""ロゴのデュブレを加えた特別仕様。<br><br>■商品名<br>AIR FORCE 1 '07 PRM<br><br>■商品番号<br>fn0369-101<br><br>■カラー<br>PALE IVORY/PHANTOM-PALE IVORY<br><br>■注意事項<br>当店では姉妹店と在庫を共有している為に<br>ご注文が確定した後でも<br>在庫の欠品が発生する可能性もございます。<br><br>■備考<br>海外輸入商品となりますので、外箱にキズやヘコみ、<br>マーキング等がある場合がございます。<br>国内品に付属する商品タグは付属致しません。<br>あらかじめご了承のうえご注文いただきますようよろしくお願い致します。",0,JOYFOOT SNEAKER ONLINE SHOP,https://store.shopping.yahoo.co.jp/joyfoot/,Yahoo,
https://store.shopping.yahoo.co.jp/shoety/nike-airforce1-07-prm-white-metallicsilver.html,NIKE air force 1 07 prm white/metallic silver ナイキ エア フォース ワン 07 プレミアム ロー ホワイト メタリック シルバー 白 銀 USA アメリカ 海外 限定,32900,,,NIKE (ナイキ) の air force 1 07 prm (エアフォースワン 07 プレミアム) です。<br>エアフォースワンのプレミアムバージョンで、クリアソール仕様。<br>ホワイトレザーがベースのアッパーです。<br>ラグジュアリーな雰囲気に仕上げられています。<br>ホワイトとピンクの靴ヒモ、2セットが付属いたします。,0,SHOETY,https://store.shopping.yahoo.co.jp/shoety/,Yahoo,
https://store.shopping.yahoo.co.jp/riax/cj9179.html,NIKE AIR FORCE 1 ’07 WB/ナイキ エアフォース 1 ’07 ウィート CJ9179-200 　　,22300,,,NIKE AIR FORCE 1 ’07 WB/ナイキ エア フォース 1 ’07 CJ9179-200<br>　　<br><br>伝説が息づく一足。クラシックなコートスタイルとワンランク上のクッショニングを融合させ、アイコニックなAF1をローカットに仕上げたデザイン。<br>,7,リアックスインターナショナル pro,https://store.shopping.yahoo.co.jp/riax/,Yahoo,
https://store.shopping.yahoo.co.jp/sneeze/fn6326-100.html,NIKE WMNS AIR FORCE 1 '07 NEXT NATURE FN6326-100 WHITE/FOOTBALL GREY-GUM ナイキ ウィメンズ エアフォース ワン 07 ロー ホワイト レディース スニーカー,17270,,,,0,Sneeze,https://store.shopping.yahoo.co.jp/sneeze/,Yahoo,
https://store.shopping.yahoo.co.jp/orange-orange/db3902-100.html,ナイキ NIKE エアフォース ワン Air Force 1 AF1 Shadow Low Shoes Casual Sneakers DB3902-100 ローカット レディース White Red Green,29980,,,【状態】 新品<br><br>NIKE Air Force 1 AF1 Shadow Low Shoes Casual Sneakers Running White Red Green DB3902-100<br>エアフォース ワン シャドウ シューズ カジュアル スニーカー ランニング ローカット ホワイト レッド グリーン<br><br>【サイズ】 レディース<br><br>US5    (22cm)<br>US5.5  (22.5cm)<br>US6    (23cm)<br>US6.5  (23.5cm)<br>US7    (24cm)<br>US7.5  (24.5cm)<br>US8    (25cm)<br>US8.5  (25.5cm)<br>US9    (26cm)<br>US9.5  (26.5cm)<br>US10   (27cm)<br>US10.5 (27.5cm)<br>US11   (28cm)<br>US11.5 (28.5cm)<br>US12   (29cm)<br><br>★表示されていないサイズに関しましては、お探しすることもできますので、<br>お気軽にお問い合わせください！,0,ToriDollJAPAN,https://store.shopping.yahoo.co.jp/orange-orange/,Yahoo,
https://store.shopping.yahoo.co.jp/ltd-online/fj4160-002.html,ナイキ エア フォース 1 07 エレベイト NIKE AIR FORCE 1 07 LV8 sea glass/sea grass-black fj4160-002 AF1 サステナブル キャンバス シーグラス,18999,,,"NIKE AIR FORCE 1 07 LV8 sea glass/sea grass-black fj4160-002&lt;br&gt;<br>&lt;BR&gt;<br>1982年、後にAIR JORDAN 1、2などを手がけることになるブルースギルゴアがデザインしたバスケットボールシューズ""AIR FORCE 1(エアフォースワン)""。アメリカ大統領専用機の名称である""エアフォース1(AIR FORCE 1)""にちなみ命名され、今やナイキの顔であり、スニーカーのアイコンモデルのひとつとして世界中で絶大な人気を誇るエアフォース1。AIRを搭載した確かな履き心地、シンプルなデザイン、多彩なカラーとディテールバリエーション、そして無限に増殖する限定モデルが物欲を刺激するスニーカー。そんな""AIR FORCE 1""よりNEWカラーが登場。今作はサステナブルな取り組みをデザインに落とし込んだデザインを採用し、キャンバス素材のアッパー、リサイクル素材を採用したソールを装備した自然を意識したシューズに仕上げられています。シューボックスには、お気に入りの花や小物を収納できるポップアウト式のコンテナを作成できる特別仕様。大定番のAIR FORCE 1のNEWカラーは、AIR FORCEフリークをはじめ、スニーカーファン必見の一足となります。この機会をお見逃し無く。",0,LTD Online,https://store.shopping.yahoo.co.jp/ltd-online/,Yahoo,
https://store.shopping.yahoo.co.jp/orange-orange/cv8480-300.html,"ナイキ NIKE エアフォース ワン Air Force 1 Shadow SE ""Pixel Swoosh-Barely Green"" Low Shoes Casual Sneakers CV8480-300 ローカット レディース White",29980,,,"【状態】 新品<br><br>NIKE Air Force 1 Shadow SE ""Pixel Swoosh-Barely Green"" Low Shoes Casual Sneakers Running White Pink Black Red Blue Yellow CV8480-300<br>エアフォース ワン シャドウ エスイー ピクセル スウォッシュ バレーリー グリーン ロウ シューズ カジュアル スニーカー ランニング ローカット ホワイト ピンク ブラック レッド ブルー イエロー<br><br>【サイズ】 レディース<br><br>US5    (22cm)<br>US5.5  (22.5cm)<br>US6    (23cm)<br>US6.5  (23.5cm)<br>US7    (24cm)<br>US7.5  (24.5cm)<br>US8    (25cm)<br>US8.5  (25.5cm)<br>US9    (26cm)<br>US9.5  (26.5cm)<br>US10   (27cm)<br>US10.5 (27.5cm)<br>US11   (28cm)<br>US11.5 (28.5cm)<br>US12   (29cm)<br><br>★表示されていないサイズに関しましては、お探しすることもできますので、<br>お気軽にお問い合わせください！",0,ToriDollJAPAN,https://store.shopping.yahoo.co.jp/orange-orange/,Yahoo,
https://store.shopping.yahoo.co.jp/goldtakeoff7/fn6335-101.html,ナイキ スニーカー レディース ウィメンズ エアフォース1 シャドウ オイルグリーン NIKE WMNS AIR FORCE 1 SHADOW SAIL/ALABASTER/PALE IVORY/OIL GREEN,24500,,,"■商品説明<br>1982年より今も愛され続けるNIKEの不動の名作モデル""AIR FORCE 1""からウィメンズシリーズの""SHADOW""が登場。<br><br>今作ではアイコニックなAF1を次世代の女性に向け新たにデザイン。2つのアイステイ、2つのマッドガード、2つのバックタブ、2つのSwooshなどレイヤードスタイルのデザインでアレンジした一足。<br><br>通常のソールより厚底に設計されたソールにはファイロンを採用し、軽量でスタイリッシュなバランスがとれたデザインに仕上げられている。<br><br>■商品名<br>W AF1 SHADOW<br><br>■商品番号<br>FN6335-101<br><br>■カラー<br>SAIL/ALABASTER/PALE IVORY/OIL GREEN<br><br>■注意事項<br>当店では姉妹店と在庫を共有している為、ご注文が確定した後でも在庫の欠品が発生する可能性がございます。<br><br>■備考<br>海外輸入商品となりますので、外箱にキズやヘコみ、マーキング等がある場合がございます。<br>国内製品の黒タグの付属はございません。",0,TAKE OFF ONLINE,https://store.shopping.yahoo.co.jp/goldtakeoff7/,Yahoo,
https://store.shopping.yahoo.co.jp/joshin/4523231620213-52-27580.html,エアフォースワン 1/ 72 F-35B ライトニング2”第461戦術戦闘試験飛行隊”(AF10009C)塗装済完成品 返品種別B,9163,,,"在庫状況：お取り寄せ/2021年09月 発売/※画像はイメージです。実際の商品とは異なる場合がございます。エアフォースワン 1/72 F-35B ライトニング2""第461戦術戦闘試験飛行隊”です。",0,Joshin web,https://store.shopping.yahoo.co.jp/joshin/,Yahoo,4523231620213
https://store.shopping.yahoo.co.jp/joshin/4523231620374-52-27580.html,エアフォースワン 1/ 400 An-225 大型輸送機 ウクライナ(AF10172)塗装済完成品 返品種別B,9163,,,在庫状況：お取り寄せ/2023年05月 発売/※画像はイメージです。実際の商品とは異なる場合がございます。エアフォースワン 1/400 An-225 大型輸送機 ウクライナ です。,0,Joshin web,https://store.shopping.yahoo.co.jp/joshin/,Yahoo,4523231620374
https://store.shopping.yahoo.co.jp/orange-orange/845128-001.html,NIKE ナイキ AIR FORCE 1 エアフォースワン GS Ultraforce ウルトラフォース Black White 845128-001,23880,,,【状態】　新品<br><br>NIKE AIR FORCE 1 GS Ultraforce Black White<br>ナイキ エアフォース1 ブラック<br><br>【サイズ】　Big Kid(Youth) キッズ レディース メンズ<br><br>3.5Y　(22.5cm)<br>4Y　　(23cm)<br>4.5Y　(23.5cm)<br>5Y　　(23.5cm)<br>5.5Y　(24cm)<br>6Y　　(24cm)<br>6.5Y　(24.5cm)<br>7Y　　(25cm)<br><br>★表示されていないサイズに関しましては、お探しすることもできますので、<br>お気軽にお問い合わせください！<br><br>※当商品は海外取り寄せとなりますので、到着まで2週間前後お時間をいただいております。<br>海外の配送状況等により遅れることもございます。<br>海外輸入製品につき、外箱にダメージあるいは箱がない場合がございます。<br>商品自体は何も問題ありませんので、ご了承ください。<br><br>※海外の在庫数は常に変動しておりますので、<br>ご注文いただいた後にキャンセルとなってしまう場合もございます。<br>予めご了承ください。,2,ToriDollJAPAN,https://store.shopping.yahoo.co.jp/orange-orange/,Yahoo,
https://store.shopping.yahoo.co.jp/orange-orange/820438-101.html,NIKE ナイキ AIR FORCE 1 エアフォースワン GS White Gum Light Brown 820438-101,18800,,,【状態】　新品<br><br>NIKE AIR FORCE 1 GS White Gum Light Brown<br>ナイキ エアフォース1 ホワイト<br><br>【サイズ】　Big Kid(Youth) キッズ レディース メンズ<br><br>3.5Y　(22.5cm)<br>4Y　　(23cm)<br>4.5Y　(23.5cm)<br>5Y　　(23.5cm)<br>5.5Y　(24cm)<br>6Y　　(24cm)<br>6.5Y　(24.5cm)<br>7Y　　(25cm)<br><br>★表示されていないサイズに関しましては、お探しすることもできますので、<br>お気軽にお問い合わせください！<br><br>※当商品は海外取り寄せとなりますので、到着まで2週間前後お時間をいただいております。<br>海外の配送状況等により遅れることもございます。<br>海外輸入製品につき、外箱にダメージあるいは箱がない場合がございます。<br>商品自体は何も問題ありませんので、ご了承ください。<br><br>※海外の在庫数は常に変動しておりますので、<br>ご注文いただいた後にキャンセルとなってしまう場合もございます。<br>予めご了承ください。,0,ToriDollJAPAN,https://store.shopping.yahoo.co.jp/orange-orange/,Yahoo,
https://store.shopping.yahoo.co.jp/sneeze/dj9946-108.html,NIKE W AIR FORCE 1 PLT.AF.ORM LV8 DJ9946-108 LIGHT OREWOOD BROWNナイキ ウィメンズ エアフォースワン プラットフォーム レディース スニーカー,17270,,,,0,Sneeze,https://store.shopping.yahoo.co.jp/sneeze/,Yahoo,
https://store.shopping.yahoo.co.jp/shopbring/3724e060010.html,ナイキ×ステューシー エアフォースワン ミドルカットスニーカー ブラック US8.5/26.5cm DJ7840-001,12100,,,[商品番号]3724E060010<br>[ブランド]NIKE（ナイキ）<br>[モデル]×STUSSY AIR FORCE 1 MID BLACK SNAKESKIN DJ7840-001 ステューシー エアフォースワン ミドルカットスニーカー ブラック US8.5/26.5cm<br>[販売店舗]BRING THRIFT CLOSET,0,BRING Yahoo!ショップ,https://store.shopping.yahoo.co.jp/shopbring/,Yahoo,
https://store.shopping.yahoo.co.jp/ssol-shopping/2318763804581.html,NIKE◆AIR FORCE 1 GTX_エア フォース ワン ゴアテックス/28.5cm/GRY,11990,,,,0,セカンドストリートYahoo!店,https://store.shopping.yahoo.co.jp/ssol-shopping/,Yahoo,
https://store.shopping.yahoo.co.jp/metaballer/dz2522-001.html,NIKE AIR FORCE 1 07 LV8 DZ2522 001 メンズ シルバー ホワイト 白 ナイキ エア フォース ワン カジュアル シューズ,19800,,,・エア フォース 1は、シュータンからソールまでをツートーンで仕上げている。<br>・スプリットカラーのスウッシュとソールで、ほどよいアクセントをプラス。<br>・シュータンとバックタブにミスマッチのロゴをあしらい、スタイルを完成させた。<br>・クッション性に優れた快適な履き心地、80年代を感じさせる構造を持つクラシックなAF1スタイル、大胆なディテール、無駄のない美しいスタイルもキープ。<br>・この洗練されたシルエットで（文字通り）ステップアップしよう。,1,メタボーラー,https://store.shopping.yahoo.co.jp/metaballer/,Yahoo,0196608072652
https://store.shopping.yahoo.co.jp/sneeze/fj4170-002.html,NIKE AIR FORCE 1 '07 LV8 DARK STUCCO FJ4170-002 MEDIUM OLIVE ナイキ エアフォース ワン ロー エレベート ダークスタッコ オリーブ メンズ スニーカー,17270,,,,0,Sneeze,https://store.shopping.yahoo.co.jp/sneeze/,Yahoo,
https://store.shopping.yahoo.co.jp/orange-orange/dm8875-600.html,ナイキ NIKE エアフォース ワン Air Force 1 LV8 Low Shoes GS Grade School Casual Sneakers DM8875-600 ローカット University Red,24880,,,【状態】 新品<br><br>NIKE Air Force 1 LV8 Low Shoes GS Grade School Casual Sneakers Running University Red DM8875-600<br>エアフォース ワン ロウ シューズ ジーエス グレード スクール カジュアル スニーカー ランニング ローカット ユニバーシティレッド<br><br>【サイズ】 Big Kid(Youth) キッズ レディース メンズ<br><br>3Y   (22cm)<br>3.5Y (22.5cm)<br>4Y   (23cm)<br>4.5Y (23.5cm)<br>5Y   (23.5cm)<br>5.5Y (24cm)<br>6Y   (24cm)<br>6.5Y (24.5cm)<br>7Y   (25cm)<br><br>★表示されていないサイズに関しましては、お探しすることもできますので、<br>お気軽にお問い合わせください！,1,ToriDollJAPAN,https://store.shopping.yahoo.co.jp/orange-orange/,Yahoo,
https://store.shopping.yahoo.co.jp/sneeze/dz2522-001.html,NIKE AIR FORCE 1 '07 LV8 「SPLIT PACK」 DZ2522-001 LIGHT SILVER/BLACK/LIGHT SILVER/WHITE ナイキ エアフォース ワン ロー エレベート メンズ スニーカー,16500,,,,1,Sneeze,https://store.shopping.yahoo.co.jp/sneeze/,Yahoo,
https://store.shopping.yahoo.co.jp/joyfoot/fz3597-133.html,ナイキ ウィメンズ エアフォース ワン '07 セイル/ビンテージグリーン/セサミ レディース NIKE WMNS AIR FORCE 1 '07 SAIL/SESAME/VINTAGE GREEN fz3597-133,21800,,,"■商品説明<br>1982年より今も愛され続けるNIKEの不動の名作モデル""AIR FORCE 1""からウィメンズ向けの""ニューカラーが入荷。<br><br>上質な素材に落ち着いたニュートラルカラーでまとめた一足。<br><br>幅広いスタイルに対応可能な万能カラー。<br><br>■商品名<br>WMNS AIR FORCE 1 '07<br><br>■商品番号<br>fz3597-133<br><br>■カラー<br>SAIL/SESAME/VINTAGE GREEN<br><br>■注意事項<br>当店では姉妹店と在庫を共有している為に<br>ご注文が確定した後でも<br>在庫の欠品が発生する可能性もございます。<br><br>■備考<br>海外輸入商品となりますので、外箱にキズやヘコみ等がある場合がございます。<br>国内品に付属する黒い商品タグの付属がない状態が正常の状態となっております。<br>ご了承の上ご注文いただきますようよろしくお願い致します。",0,JOYFOOT SNEAKER ONLINE SHOP,https://store.shopping.yahoo.co.jp/joyfoot/,Yahoo,
https://store.shopping.yahoo.co.jp/sneeze/dd8959-115.html,NIKE WMNS AIR FORCE 1 '07 DD8959-115 WHITE/RUGGED ORANGE ナイキ ウィメンズ エアフォース ワン 07 ロー ホワイト ラギッドオレンジ レディース スニーカー,14800,,,,0,Sneeze,https://store.shopping.yahoo.co.jp/sneeze/,Yahoo,
https://store.shopping.yahoo.co.jp/joshin/4523231620404-52-27580.html,エアフォースワン 1/ 72 SR-71 BLACK BIRD 61-17960 (Shark on tail)(AF10088F)塗装済完成品 返品種別B,15708,,,在庫状況：お取り寄せ/2023年10月 発売/※画像はイメージです。実際の商品とは異なる場合がございます。エアフォースワン 1/72 SR-71 BLACK BIRD 61-17960 (Shark on tail) です。,0,Joshin web,https://store.shopping.yahoo.co.jp/joshin/,Yahoo,4523231620404
https://store.shopping.yahoo.co.jp/tower/2811042.html,エアフォース・ワン Blu-ray Disc,2619,,,ご注文後のキャンセル・返品は承れません。<br>発売日:2010年12月22日/商品ID:2811042/ジャンル:映画/TVドラマ/フォーマット:Blu-ray Disc/構成数:1/レーベル:ウォルト・ディズニー・スタジオ・ジャパン/アーティスト:ウォルフガング・ペーターゼン、他/アーティストカナ:ウォルフガング・ペーターゼン/タイトル:エアフォース・ワン/タイトルカナ:エアフォース ワン,0,タワーレコード Yahoo!店,https://store.shopping.yahoo.co.jp/tower/,Yahoo,4959241712073
https://store.shopping.yahoo.co.jp/shopbring/1024e060015.html,ナイキ×オフホワイトDR0500-300  エアフォースワンミッド ミッドカットスニーカー US10/28cm グリーン /ホワイト,24200,,,[商品番号]1024E060015<br>[ブランド]NIKE（ナイキ）<br>[モデル]×OFF-WHITE AIR FORCE 1 MID SP LTHR DR0500-300 オフホワイト エアフォースワンミッド ミッドカットスニーカー US10/28cm グリーン /ホワイト<br>[販売店舗]BRING 原宿店,0,BRING Yahoo!ショップ,https://store.shopping.yahoo.co.jp/shopbring/,Yahoo,
https://store.shopping.yahoo.co.jp/joshin/4523231620367-52-27580.html,エアフォースワン 1/ 400 An-225 大型輸送機 ロシア(AF10171)塗装済完成品 返品種別B,9163,,,在庫状況：お取り寄せ/2023年01月 発売/※画像はイメージです。実際の商品とは異なる場合がございます。エアフォースワン 1/400 An-225 大型輸送機 ロシア です。,0,Joshin web,https://store.shopping.yahoo.co.jp/joshin/,Yahoo,4523231620367
https://store.shopping.yahoo.co.jp/limited-edition/dj2739-100.html,NIKE AIR FORCE 1 07 white/wht-gum light brown dj2739-100 ナイキ エアフォース 1 '07 ホワイト ガム ライトブラウン AF1 白 メンズ エア フォース ワン ロー,22499,,,"NIKE AIR FORCE 1 07 white/wht-gum light brown dj2739-100<br><br>1982年にAIRを内蔵したバスケットボールシューズとして登場し、今やナイキを代表するキング・オブ・キックスとなった""AIR FORCE 1 (エアフォース 1)""。今やナイキの顔として、世界中で絶大な人気を誇るクラシックモデル。絶妙なボリューム感のあるシルエット、シンプルなデザイン、多彩なカラーリングとディテールやバリエーション、そして無限に増殖する限定モデルが物欲を刺激する""AIR FORCE 1""のホワイト×ガムが入荷。説明無用のAF1のオールホワイトにガムソールを採用した鉄板カラー!!オールホワイトとは一味違うアクセントの効いた今作はAF1ファンから根強く支持される人気カラー!!様々なスタイリングにハマり、老若男女にオススメできる万能スニーカーとなります!!初心者からスニーカーフリークまで様々な愛し方をされている別格の魅力を放つ一足となります!!<br><br>●通常のAIR FORCE 1と同じ作りとなります。<br>横幅のある方はハーフサイズ大きめをお勧めします。",1,LIMITED EDT,https://store.shopping.yahoo.co.jp/limited-edition/,Yahoo,
https://store.shopping.yahoo.co.jp/ltd-online/ci0919-100.html,ナイキ ウィメンズ エアフォース 1 シャドウ NIKE WMNS AF1 SHADOW white/white-wht ci0919-100 スニーカー レディース AIR FORCE 1 ガールズ シャドー ホワイト,19999,,,"NIKE WMNS AF1 SHADOW white/white-wht ci0919-100<br><br><br>ナイキの顔であり、世界中で絶大な人気を誇るエアフォース1。シンプルなデザイン、多彩なカラーとディテールバリエーション、そして無限に増殖する限定モデルが物欲を刺激するAIR FORCE 1より、話題の新作ウィメンズシリーズ""SHADOW""が登場。<br>今作は、アイコニックなAIRFORCE1を次世代の女性に向け新たにデザインし、2つのアイステイ、2つのマッドガード、2つのバックタブ、2つのSwooshなどレイヤードスタイルのデザインでアレンジした一足!!通常のソールより厚底に設計されたソールにはファイロンを採用し、軽量でスタイリッシュなバランスがとれたデザインに仕上げられています。AIR FORCE フリークをはじめ、スニーカー女子必見の一足!!AF1誕生より35周年を経て更なる飛躍をみせるエアフォースワンのNEWモデルを是非お見逃しなく!!",0,LTD Online,https://store.shopping.yahoo.co.jp/ltd-online/,Yahoo,
https://store.shopping.yahoo.co.jp/joshin/4523231620107-52-27580.html,エアフォースワン 1/ 72 F-16C ブロック25 ”第64アグレッサー飛行隊 2016”(AF10006B)塗装済完成品 返品種別B,9163,,,在庫状況：お取り寄せ/2020年09月 発売/※画像はイメージです。実際の商品とは異なる場合がございます。エアフォースワン 1/72 F-16C　ブロック25　”第64アグレッサー飛行隊　2016”です。,0,Joshin web,https://store.shopping.yahoo.co.jp/joshin/,Yahoo,4523231620107
https://store.shopping.yahoo.co.jp/bookfan/bk-490844806x.html,DVD エアフォースワン,1078,,,出版社:玉光堂<br>発売日:2017年03月<br>シリーズ名等:アメリカ合衆国大統領専用機<br>キーワード:DVDエアフォースワン でいーヴいでいーえあふおーすわんＤＶＤでいーぶいで デイーヴイデイーエアフオースワンＤＶＤデイーブイデ,0,bookfanプレミアム,https://store.shopping.yahoo.co.jp/bookfan/,Yahoo,9784908448065
https://store.shopping.yahoo.co.jp/zozo/77290904.html,メンズ U.S.AIR FORCE エアフォース 裏起毛 ワンポイントロゴ スウェットパンツ レディース メンズ,1990,,,『タイムセール実施中』<br>ZOZO問い合わせ番号:78290904<br>ショップ:MARUKAWA，マルカワ<br>ブランド:MARUKAWA，マルカワ<br>商品名:U.S.AIR FORCE エアフォース 裏起毛 ワンポイントロゴ スウェットパンツ レディース メンズ<br>カテゴリ:パンツ&gt;スウェットパンツ<br>ブランド品番:519-251-0018<br>素材:ポリエステル72% 綿28%<br>カラー:ブラック，ブラック系その他，グレー，カーキ，ネイビー，ブルー系その他<br>サイズ:M，L，LL<br>企画ID:1761099，1750322，1725611，1648597，1647737,5,ZOZOTOWN Yahoo!店,https://store.shopping.yahoo.co.jp/zozo/,Yahoo,
https://store.shopping.yahoo.co.jp/joshin/6927163968586-52-27580.html,エアフォースワン 1/ 48 中国人民解放軍空軍 戦闘爆撃機 J-16(AF0059)塗装済完成品 返品種別B,12903,,,在庫状況：お取り寄せ/2021年05月 発売/※画像はイメージです。実際の商品とは異なる場合がございます。エアフォースワン 1/48 中国人民解放軍空軍 戦闘爆撃機 J-16です。,0,Joshin web,https://store.shopping.yahoo.co.jp/joshin/,Yahoo,6927163968586
https://store.shopping.yahoo.co.jp/joshin/4523231620121-52-27580.html,エアフォースワン 1/ 72 F-35A ライトニング2 ”第61戦闘飛行隊”(AF10008D)塗装済完成品 返品種別B,9163,,,在庫状況：お取り寄せ/2020年09月 発売/※画像はイメージです。実際の商品とは異なる場合がございます。エアフォースワン 1/72 F-35A　ライトニング2　”第61戦闘飛行隊”です。,0,Joshin web,https://store.shopping.yahoo.co.jp/joshin/,Yahoo,4523231620121
https://store.shopping.yahoo.co.jp/sneeze/fd2592-002.html,NIKE AIR FORCE 1 '07 LV8 「SPLIT PACK」 FD2592-002 BLACK/PHANTOM/WHITE ナイキ エアフォース ワン ロー エレベート ブラック ホワイト メンズ スニーカー,16500,,,,1,Sneeze,https://store.shopping.yahoo.co.jp/sneeze/,Yahoo,
https://store.shopping.yahoo.co.jp/candytower/246977.html,アメリカ合衆国大統領専用機エアフォースワン＆エアフォースツー　モデルプレーンセット ■ アメリカン雑貨 アメリカ雑貨,3520,,,ハリソン・フォード主演で映画化もされたアメリカ合衆国大統領専用機「エアフォースワン」と<br>その護衛機エアフォースツーのモデルプレーンセットです。<br><br>もうこういうの目にしちゃうと、問答無用で欲しくなっちう人もいるでしょ！<br><br>私なんかまさにその部類です。<br><br>トランプ大統領も大阪サミットで日本に来日する際は、<br>エアフォースワンと護衛機を何台も引き連れてやって来てました。<br><br>しかし政府専用機がこうして商品化されるなんて、さすがアメリカだよねー<br><br>本体は手のひらを広げたくらいのサイズで、デスクの隅に置いておくと、映画のワンシーンに出てくるような・・・<br>それっぽいデスクシーンが完成するの！<br><br>こういう珍しいグッズは出会った時にしっかりとゲットしておくのが、<br>自慢のコレクションを増やす秘訣ですよ！<br><br>こちらエアフォースワン、エアフォースワン！<br><br>アメリカ合衆国大統領より着陸許可を求む！<br>（￣ー￣）ニヤリ☆<br><br><br>【サイズ】<br><br>横13.6cm×縦14.7cm×高さ4.2cm（1）<br>横11.7cm×縦14.4cm×高さ4cm（2）,0,アメリカン雑貨専門店キャンディタワー,https://store.shopping.yahoo.co.jp/candytower/,Yahoo,
https://store.shopping.yahoo.co.jp/goldtakeoff7/fn0369-100.html,ナイキ スニーカー メンズ エアフォースワン '07 プレミアム セイル/ファントム NIKE AIR FORCE 1 '07 PRM 耐克(NAI-KE) SAIL/PHANTOM-PHANTOM,36800,,,"■商品説明<br>1982年より今も愛され続けるNIKEの不動の名作モデル""AIR FORCE 1""より耐克(NAI-KE)""ロゴを備えた一足が登場。<br><br>今作はホワイトのレザーをベースに、スウッシュとヒールタブ、インナーとアウトソールにそれぞれ濃淡のグリーンを配置。<br><br>耐克ロゴを備えたヒールタブとサイドパネルには編み込んだネットを配し、ロープレースには、""NAI-KE""ロゴのデュブレを加えた。<br><br>■商品名<br>AIR FORCE 1 '07 PRM 耐克(NAI-KE)<br><br>■商品番号<br>FN0369-100<br><br>■カラー<br>SAIL/PHANTOM-PHANTOM<br><br>■注意事項<br>当店では姉妹店と在庫を共有している為、ご注文が確定した後でも在庫の欠品が発生する可能性がございます。<br><br>■備考<br>海外輸入商品となりますので、外箱にキズやヘコみ、マーキング等がある場合がございます。<br>国内製品の黒タグは付属しません。",0,TAKE OFF ONLINE,https://store.shopping.yahoo.co.jp/goldtakeoff7/,Yahoo,
https://store.shopping.yahoo.co.jp/vectorpremium/037-902404030004.html,ナイキ NIKE WMNS AIR FORCE 1 '07 ESS TRK3 SAIL 27.5cm HF1058-133 ウィメンズ エア フォース ワン ロー エッセンシャル セイル240404,14300,,,ナイキ NIKE WMNS AIR FORCE 1 '07 ESS TRK3 SAIL 27.5cm HF1058-133 ウィメンズ エア フォース ワン ロー エッセンシャル セイル240404<br><br>【ブランド】ナイキ NIKE<br>【表記サイズ】27.5cm<br>【実寸サイズ】最大幅：10cm　アウトソール：29.5cm　※実寸サイズを記載しておりますので、サイズに関するご質問はお答え致しかねます。　<br>【色】白系　※モニター環境や個人差などで色味に若干の相違がある場合がございますので、ご理解ご了承くださいませ。<br>【状態】あまり使用感もなく、目に付く汚れやダメージはありません。まだまだ状態は良いと思います。また、商品は状態確認の上での出品ですが、見落とし等ある可能性がございますので神経質な方はご入札をお控えください。　※あくまで中古品ですので新品の状態とは異なる商品もあります。また、店頭でも販売しておりますので、記載に無い細かなキズや汚れが見受けられる場合がございます。予めご了承下さいませ。　　※店頭試着はお断りしております。　　※商品は写真または説明欄に記載のない付属品などは付属しませんのでよろしくお願い致します。掲載画像をご確認の上、ご不明点は事前にお問い合わせください。<br>【付属品】,0,ブランド古着販売のベクトル,https://store.shopping.yahoo.co.jp/vectorpremium/,Yahoo,
